soi_district_id,source_state_name,source_district_name,source_state_slug,source_district_slug,soi_state_name,soi_district_name,soi_state_slug,soi_district_slug,source_profile_path,district_profile_path,source_metadata_path,district_metadata_path,path_changed
101,Himachal Pradesh,Bilaspur,himachal_pradesh,bilaspur,HIMACHAL PRADESH,BILASPUR,himachal_pradesh,bilaspur,data/ceew/district_data/himachal_pradesh/bilaspur/himachal_pradesh_bilaspur_profile.json,data/ceew/district_data/himachal_pradesh/bilaspur/himachal_pradesh_bilaspur_profile.json,data/ceew/district_data/himachal_pradesh/bilaspur/himachal_pradesh_bilaspur_metadata_config.json,data/ceew/district_data/himachal_pradesh/bilaspur/himachal_pradesh_bilaspur_metadata_config.json,False
102,Himachal Pradesh,Chamba,himachal_pradesh,chamba,HIMACHAL PRADESH,CHAMBA,himachal_pradesh,chamba,data/ceew/district_data/himachal_pradesh/chamba/himachal_pradesh_chamba_profile.json,data/ceew/district_data/himachal_pradesh/chamba/himachal_pradesh_chamba_profile.json,data/ceew/district_data/himachal_pradesh/chamba/himachal_pradesh_chamba_metadata_config.json,data/ceew/district_data/himachal_pradesh/chamba/himachal_pradesh_chamba_metadata_config.json,False
103,Himachal Pradesh,Hamirpur,himachal_pradesh,hamirpur,HIMACHAL PRADESH,HAMIRPUR,himachal_pradesh,hamirpur,data/ceew/district_data/himachal_pradesh/hamirpur/himachal_pradesh_hamirpur_profile.json,data/ceew/district_data/himachal_pradesh/hamirpur/himachal_pradesh_hamirpur_profile.json,data/ceew/district_data/himachal_pradesh/hamirpur/himachal_pradesh_hamirpur_metadata_config.json,data/ceew/district_data/himachal_pradesh/hamirpur/himachal_pradesh_hamirpur_metadata_config.json,False
104,Himachal Pradesh,Kangra,himachal_pradesh,kangra,HIMACHAL PRADESH,KANGRA,himachal_pradesh,kangra,data/ceew/district_data/himachal_pradesh/kangra/himachal_pradesh_kangra_profile.json,data/ceew/district_data/himachal_pradesh/kangra/himachal_pradesh_kangra_profile.json,data/ceew/district_data/himachal_pradesh/kangra/himachal_pradesh_kangra_metadata_config.json,data/ceew/district_data/himachal_pradesh/kangra/himachal_pradesh_kangra_metadata_config.json,False
105,Himachal Pradesh,Kinnaur,himachal_pradesh,kinnaur,HIMACHAL PRADESH,KINNAUR,himachal_pradesh,kinnaur,data/ceew/district_data/himachal_pradesh/kinnaur/himachal_pradesh_kinnaur_profile.json,data/ceew/district_data/himachal_pradesh/kinnaur/himachal_pradesh_kinnaur_profile.json,data/ceew/district_data/himachal_pradesh/kinnaur/himachal_pradesh_kinnaur_metadata_config.json,data/ceew/district_data/himachal_pradesh/kinnaur/himachal_pradesh_kinnaur_metadata_config.json,False
106,Himachal Pradesh,Kullu,himachal_pradesh,kullu,HIMACHAL PRADESH,KULLU,himachal_pradesh,kullu,data/ceew/district_data/himachal_pradesh/kullu/himachal_pradesh_kullu_profile.json,data/ceew/district_data/himachal_pradesh/kullu/himachal_pradesh_kullu_profile.json,data/ceew/district_data/himachal_pradesh/kullu/himachal_pradesh_kullu_metadata_config.json,data/ceew/district_data/himachal_pradesh/kullu/himachal_pradesh_kullu_metadata_config.json,False
107,Himachal Pradesh,Lahul & Spiti,himachal_pradesh,lahul_spiti,HIMACHAL PRADESH,LAHUL & SPITI,himachal_pradesh,lahul_spiti,data/ceew/district_data/himachal_pradesh/lahul_spiti/himachal_pradesh_lahul_spiti_profile.json,data/ceew/district_data/himachal_pradesh/lahul_spiti/himachal_pradesh_lahul_spiti_profile.json,data/ceew/district_data/himachal_pradesh/lahul_spiti/himachal_pradesh_lahul_spiti_metadata_config.json,data/ceew/district_data/himachal_pradesh/lahul_spiti/himachal_pradesh_lahul_spiti_metadata_config.json,False
108,Himachal Pradesh,Mandi,himachal_pradesh,mandi,HIMACHAL PRADESH,MANDI,himachal_pradesh,mandi,data/ceew/district_data/himachal_pradesh/mandi/himachal_pradesh_mandi_profile.json,data/ceew/district_data/himachal_pradesh/mandi/himachal_pradesh_mandi_profile.json,data/ceew/district_data/himachal_pradesh/mandi/himachal_pradesh_mandi_metadata_config.json,data/ceew/district_data/himachal_pradesh/mandi/himachal_pradesh_mandi_metadata_config.json,False
109,Himachal Pradesh,Shimla,himachal_pradesh,shimla,HIMACHAL PRADESH,SHIMLA,himachal_pradesh,shimla,data/ceew/district_data/himachal_pradesh/shimla/himachal_pradesh_shimla_profile.json,data/ceew/district_data/himachal_pradesh/shimla/himachal_pradesh_shimla_profile.json,data/ceew/district_data/himachal_pradesh/shimla/himachal_pradesh_shimla_metadata_config.json,data/ceew/district_data/himachal_pradesh/shimla/himachal_pradesh_shimla_metadata_config.json,False
110,Himachal Pradesh,Sirmaur,himachal_pradesh,sirmaur,HIMACHAL PRADESH,SIRMAUR,himachal_pradesh,sirmaur,data/ceew/district_data/himachal_pradesh/sirmaur/himachal_pradesh_sirmaur_profile.json,data/ceew/district_data/himachal_pradesh/sirmaur/himachal_pradesh_sirmaur_profile.json,data/ceew/district_data/himachal_pradesh/sirmaur/himachal_pradesh_sirmaur_metadata_config.json,data/ceew/district_data/himachal_pradesh/sirmaur/himachal_pradesh_sirmaur_metadata_config.json,False
111,Himachal Pradesh,Solan,himachal_pradesh,solan,HIMACHAL PRADESH,SOLAN,himachal_pradesh,solan,data/ceew/district_data/himachal_pradesh/solan/himachal_pradesh_solan_profile.json,data/ceew/district_data/himachal_pradesh/solan/himachal_pradesh_solan_profile.json,data/ceew/district_data/himachal_pradesh/solan/himachal_pradesh_solan_metadata_config.json,data/ceew/district_data/himachal_pradesh/solan/himachal_pradesh_solan_metadata_config.json,False
112,Himachal Pradesh,Una,himachal_pradesh,una,HIMACHAL PRADESH,UNA,himachal_pradesh,una,data/ceew/district_data/himachal_pradesh/una/himachal_pradesh_una_profile.json,data/ceew/district_data/himachal_pradesh/una/himachal_pradesh_una_profile.json,data/ceew/district_data/himachal_pradesh/una/himachal_pradesh_una_metadata_config.json,data/ceew/district_data/himachal_pradesh/una/himachal_pradesh_una_metadata_config.json,False
113,Karnataka,Kalaburagi,karnataka,kalaburagi,KARNATAKA,KALABURAGI,karnataka,kalaburagi,data/ceew/district_data/karnataka/kalaburagi/karnataka_kalaburagi_profile.json,data/ceew/district_data/karnataka/kalaburagi/karnataka_kalaburagi_profile.json,data/ceew/district_data/karnataka/kalaburagi/karnataka_kalaburagi_metadata_config.json,data/ceew/district_data/karnataka/kalaburagi/karnataka_kalaburagi_metadata_config.json,False
114,Karnataka,Hassan,karnataka,hassan,KARNATAKA,HASSAN,karnataka,hassan,data/ceew/district_data/karnataka/hassan/karnataka_hassan_profile.json,data/ceew/district_data/karnataka/hassan/karnataka_hassan_profile.json,data/ceew/district_data/karnataka/hassan/karnataka_hassan_metadata_config.json,data/ceew/district_data/karnataka/hassan/karnataka_hassan_metadata_config.json,False
115,Karnataka,Bengaluru Urban,karnataka,bengaluru_urban,KARNATAKA,BENGALURU URBAN,karnataka,bengaluru_urban,data/ceew/district_data/karnataka/bengaluru_urban/karnataka_bengaluru_urban_profile.json,data/ceew/district_data/karnataka/bengaluru_urban/karnataka_bengaluru_urban_profile.json,data/ceew/district_data/karnataka/bengaluru_urban/karnataka_bengaluru_urban_metadata_config.json,data/ceew/district_data/karnataka/bengaluru_urban/karnataka_bengaluru_urban_metadata_config.json,False
116,Karnataka,Uttara  Kannada,karnataka,uttara_kannada,KARNATAKA,UTTARA KANNADA,karnataka,uttara_kannada,data/ceew/district_data/karnataka/uttara_kannada/karnataka_uttara_kannada_profile.json,data/ceew/district_data/karnataka/uttara_kannada/karnataka_uttara_kannada_profile.json,data/ceew/district_data/karnataka/uttara_kannada/karnataka_uttara_kannada_metadata_config.json,data/ceew/district_data/karnataka/uttara_kannada/karnataka_uttara_kannada_metadata_config.json,False
117,Karnataka,Belagavi,karnataka,belagavi,KARNATAKA,BELAGAVI,karnataka,belagavi,data/ceew/district_data/karnataka/belagavi/karnataka_belagavi_profile.json,data/ceew/district_data/karnataka/belagavi/karnataka_belagavi_profile.json,data/ceew/district_data/karnataka/belagavi/karnataka_belagavi_metadata_config.json,data/ceew/district_data/karnataka/belagavi/karnataka_belagavi_metadata_config.json,False
118,Karnataka,Bagalkot,karnataka,bagalkot,KARNATAKA,BAGALKOT,karnataka,bagalkot,data/ceew/district_data/karnataka/bagalkot/karnataka_bagalkot_profile.json,data/ceew/district_data/karnataka/bagalkot/karnataka_bagalkot_profile.json,data/ceew/district_data/karnataka/bagalkot/karnataka_bagalkot_metadata_config.json,data/ceew/district_data/karnataka/bagalkot/karnataka_bagalkot_metadata_config.json,False
119,Karnataka,Chik Ballapur,karnataka,chik_ballapur,KARNATAKA,CHIK BALLAPUR,karnataka,chik_ballapur,data/ceew/district_data/karnataka/chik_ballapur/karnataka_chik_ballapur_profile.json,data/ceew/district_data/karnataka/chik_ballapur/karnataka_chik_ballapur_profile.json,data/ceew/district_data/karnataka/chik_ballapur/karnataka_chik_ballapur_metadata_config.json,data/ceew/district_data/karnataka/chik_ballapur/karnataka_chik_ballapur_metadata_config.json,False
120,Karnataka,Ballari,karnataka,ballari,KARNATAKA,BALLARI,karnataka,ballari,data/ceew/district_data/karnataka/ballari/karnataka_ballari_profile.json,data/ceew/district_data/karnataka/ballari/karnataka_ballari_profile.json,data/ceew/district_data/karnataka/ballari/karnataka_ballari_metadata_config.json,data/ceew/district_data/karnataka/ballari/karnataka_ballari_metadata_config.json,False
121,Karnataka,Kolar,karnataka,kolar,KARNATAKA,KOLAR,karnataka,kolar,data/ceew/district_data/karnataka/kolar/karnataka_kolar_profile.json,data/ceew/district_data/karnataka/kolar/karnataka_kolar_profile.json,data/ceew/district_data/karnataka/kolar/karnataka_kolar_metadata_config.json,data/ceew/district_data/karnataka/kolar/karnataka_kolar_metadata_config.json,False
122,Karnataka,Bidar,karnataka,bidar,KARNATAKA,BIDAR,karnataka,bidar,data/ceew/district_data/karnataka/bidar/karnataka_bidar_profile.json,data/ceew/district_data/karnataka/bidar/karnataka_bidar_profile.json,data/ceew/district_data/karnataka/bidar/karnataka_bidar_metadata_config.json,data/ceew/district_data/karnataka/bidar/karnataka_bidar_metadata_config.json,False
123,Karnataka,Vijayapura,karnataka,vijayapura,KARNATAKA,VIJAYAPURA,karnataka,vijayapura,data/ceew/district_data/karnataka/vijayapura/karnataka_vijayapura_profile.json,data/ceew/district_data/karnataka/vijayapura/karnataka_vijayapura_profile.json,data/ceew/district_data/karnataka/vijayapura/karnataka_vijayapura_metadata_config.json,data/ceew/district_data/karnataka/vijayapura/karnataka_vijayapura_metadata_config.json,False
124,Karnataka,Dakshina  Kannada,karnataka,dakshina_kannada,KARNATAKA,DAKSHINA KANNADA,karnataka,dakshina_kannada,data/ceew/district_data/karnataka/dakshina_kannada/karnataka_dakshina_kannada_profile.json,data/ceew/district_data/karnataka/dakshina_kannada/karnataka_dakshina_kannada_profile.json,data/ceew/district_data/karnataka/dakshina_kannada/karnataka_dakshina_kannada_metadata_config.json,data/ceew/district_data/karnataka/dakshina_kannada/karnataka_dakshina_kannada_metadata_config.json,False
125,Karnataka,Shivamogga,karnataka,shivamogga,KARNATAKA,SHIVAMOGGA,karnataka,shivamogga,data/ceew/district_data/karnataka/shivamogga/karnataka_shivamogga_profile.json,data/ceew/district_data/karnataka/shivamogga/karnataka_shivamogga_profile.json,data/ceew/district_data/karnataka/shivamogga/karnataka_shivamogga_metadata_config.json,data/ceew/district_data/karnataka/shivamogga/karnataka_shivamogga_metadata_config.json,False
126,Karnataka,Haveri,karnataka,haveri,KARNATAKA,HAVERI,karnataka,haveri,data/ceew/district_data/karnataka/haveri/karnataka_haveri_profile.json,data/ceew/district_data/karnataka/haveri/karnataka_haveri_profile.json,data/ceew/district_data/karnataka/haveri/karnataka_haveri_metadata_config.json,data/ceew/district_data/karnataka/haveri/karnataka_haveri_metadata_config.json,False
127,Karnataka,Chitradurga,karnataka,chitradurga,KARNATAKA,CHITRADURGA,karnataka,chitradurga,data/ceew/district_data/karnataka/chitradurga/karnataka_chitradurga_profile.json,data/ceew/district_data/karnataka/chitradurga/karnataka_chitradurga_profile.json,data/ceew/district_data/karnataka/chitradurga/karnataka_chitradurga_metadata_config.json,data/ceew/district_data/karnataka/chitradurga/karnataka_chitradurga_metadata_config.json,False
128,Karnataka,Chamarajanagar,karnataka,chamarajanagar,KARNATAKA,CHAMARAJANAGAR,karnataka,chamarajanagar,data/ceew/district_data/karnataka/chamarajanagar/karnataka_chamarajanagar_profile.json,data/ceew/district_data/karnataka/chamarajanagar/karnataka_chamarajanagar_profile.json,data/ceew/district_data/karnataka/chamarajanagar/karnataka_chamarajanagar_metadata_config.json,data/ceew/district_data/karnataka/chamarajanagar/karnataka_chamarajanagar_metadata_config.json,False
129,Karnataka,Davangere,karnataka,davangere,KARNATAKA,DAVANGERE,karnataka,davangere,data/ceew/district_data/karnataka/davangere/karnataka_davangere_profile.json,data/ceew/district_data/karnataka/davangere/karnataka_davangere_profile.json,data/ceew/district_data/karnataka/davangere/karnataka_davangere_metadata_config.json,data/ceew/district_data/karnataka/davangere/karnataka_davangere_metadata_config.json,False
130,Karnataka,Ramanagaram,karnataka,ramanagaram,KARNATAKA,RAMANAGARAM,karnataka,ramanagaram,data/ceew/district_data/karnataka/ramanagaram/karnataka_ramanagaram_profile.json,data/ceew/district_data/karnataka/ramanagaram/karnataka_ramanagaram_profile.json,data/ceew/district_data/karnataka/ramanagaram/karnataka_ramanagaram_metadata_config.json,data/ceew/district_data/karnataka/ramanagaram/karnataka_ramanagaram_metadata_config.json,False
131,Karnataka,Chikkamagaluru,karnataka,chikkamagaluru,KARNATAKA,CHIKKAMAGALURU,karnataka,chikkamagaluru,data/ceew/district_data/karnataka/chikkamagaluru/karnataka_chikkamagaluru_profile.json,data/ceew/district_data/karnataka/chikkamagaluru/karnataka_chikkamagaluru_profile.json,data/ceew/district_data/karnataka/chikkamagaluru/karnataka_chikkamagaluru_metadata_config.json,data/ceew/district_data/karnataka/chikkamagaluru/karnataka_chikkamagaluru_metadata_config.json,False
132,Karnataka,Tumakuru,karnataka,tumakuru,KARNATAKA,TUMAKURU,karnataka,tumakuru,data/ceew/district_data/karnataka/tumakuru/karnataka_tumakuru_profile.json,data/ceew/district_data/karnataka/tumakuru/karnataka_tumakuru_profile.json,data/ceew/district_data/karnataka/tumakuru/karnataka_tumakuru_metadata_config.json,data/ceew/district_data/karnataka/tumakuru/karnataka_tumakuru_metadata_config.json,False
133,Karnataka,Raichur,karnataka,raichur,KARNATAKA,RAICHUR,karnataka,raichur,data/ceew/district_data/karnataka/raichur/karnataka_raichur_profile.json,data/ceew/district_data/karnataka/raichur/karnataka_raichur_profile.json,data/ceew/district_data/karnataka/raichur/karnataka_raichur_metadata_config.json,data/ceew/district_data/karnataka/raichur/karnataka_raichur_metadata_config.json,False
134,Karnataka,Bengaluru Rural,karnataka,bengaluru_rural,KARNATAKA,BENGALURU RURAL,karnataka,bengaluru_rural,data/ceew/district_data/karnataka/bengaluru_rural/karnataka_bengaluru_rural_profile.json,data/ceew/district_data/karnataka/bengaluru_rural/karnataka_bengaluru_rural_profile.json,data/ceew/district_data/karnataka/bengaluru_rural/karnataka_bengaluru_rural_metadata_config.json,data/ceew/district_data/karnataka/bengaluru_rural/karnataka_bengaluru_rural_metadata_config.json,False
135,Karnataka,Dharwad,karnataka,dharwad,KARNATAKA,DHARWAD,karnataka,dharwad,data/ceew/district_data/karnataka/dharwad/karnataka_dharwad_profile.json,data/ceew/district_data/karnataka/dharwad/karnataka_dharwad_profile.json,data/ceew/district_data/karnataka/dharwad/karnataka_dharwad_metadata_config.json,data/ceew/district_data/karnataka/dharwad/karnataka_dharwad_metadata_config.json,False
136,Karnataka,Gadag,karnataka,gadag,KARNATAKA,GADAG,karnataka,gadag,data/ceew/district_data/karnataka/gadag/karnataka_gadag_profile.json,data/ceew/district_data/karnataka/gadag/karnataka_gadag_profile.json,data/ceew/district_data/karnataka/gadag/karnataka_gadag_metadata_config.json,data/ceew/district_data/karnataka/gadag/karnataka_gadag_metadata_config.json,False
137,Karnataka,Koppal,karnataka,koppal,KARNATAKA,KOPPAL,karnataka,koppal,data/ceew/district_data/karnataka/koppal/karnataka_koppal_profile.json,data/ceew/district_data/karnataka/koppal/karnataka_koppal_profile.json,data/ceew/district_data/karnataka/koppal/karnataka_koppal_metadata_config.json,data/ceew/district_data/karnataka/koppal/karnataka_koppal_metadata_config.json,False
138,Karnataka,Mysuru,karnataka,mysuru,KARNATAKA,MYSURU,karnataka,mysuru,data/ceew/district_data/karnataka/mysuru/karnataka_mysuru_profile.json,data/ceew/district_data/karnataka/mysuru/karnataka_mysuru_profile.json,data/ceew/district_data/karnataka/mysuru/karnataka_mysuru_metadata_config.json,data/ceew/district_data/karnataka/mysuru/karnataka_mysuru_metadata_config.json,False
139,Karnataka,Udupi,karnataka,udupi,KARNATAKA,UDUPI,karnataka,udupi,data/ceew/district_data/karnataka/udupi/karnataka_udupi_profile.json,data/ceew/district_data/karnataka/udupi/karnataka_udupi_profile.json,data/ceew/district_data/karnataka/udupi/karnataka_udupi_metadata_config.json,data/ceew/district_data/karnataka/udupi/karnataka_udupi_metadata_config.json,False
140,Karnataka,Mandya,karnataka,mandya,KARNATAKA,MANDYA,karnataka,mandya,data/ceew/district_data/karnataka/mandya/karnataka_mandya_profile.json,data/ceew/district_data/karnataka/mandya/karnataka_mandya_profile.json,data/ceew/district_data/karnataka/mandya/karnataka_mandya_metadata_config.json,data/ceew/district_data/karnataka/mandya/karnataka_mandya_metadata_config.json,False
141,Karnataka,Kodagu,karnataka,kodagu,KARNATAKA,KODAGU,karnataka,kodagu,data/ceew/district_data/karnataka/kodagu/karnataka_kodagu_profile.json,data/ceew/district_data/karnataka/kodagu/karnataka_kodagu_profile.json,data/ceew/district_data/karnataka/kodagu/karnataka_kodagu_metadata_config.json,data/ceew/district_data/karnataka/kodagu/karnataka_kodagu_metadata_config.json,False
142,Karnataka,Yadgir,karnataka,yadgir,KARNATAKA,YADGIR,karnataka,yadgir,data/ceew/district_data/karnataka/yadgir/karnataka_yadgir_profile.json,data/ceew/district_data/karnataka/yadgir/karnataka_yadgir_profile.json,data/ceew/district_data/karnataka/yadgir/karnataka_yadgir_metadata_config.json,data/ceew/district_data/karnataka/yadgir/karnataka_yadgir_metadata_config.json,False
143,Goa,North Goa,goa,north_goa,GOA,NORTH GOA,goa,north_goa,data/ceew/district_data/goa/north_goa/goa_north_goa_profile.json,data/ceew/district_data/goa/north_goa/goa_north_goa_profile.json,data/ceew/district_data/goa/north_goa/goa_north_goa_metadata_config.json,data/ceew/district_data/goa/north_goa/goa_north_goa_metadata_config.json,False
144,Goa,South Goa,goa,south_goa,GOA,SOUTH GOA,goa,south_goa,data/ceew/district_data/goa/south_goa/goa_south_goa_profile.json,data/ceew/district_data/goa/south_goa/goa_south_goa_profile.json,data/ceew/district_data/goa/south_goa/goa_south_goa_metadata_config.json,data/ceew/district_data/goa/south_goa/goa_south_goa_metadata_config.json,False
145,Delhi,North Delhi,delhi,north_delhi,DELHI,NORTH,delhi,north,data/ceew/district_data/delhi/north_delhi/delhi_north_delhi_profile.json,data/ceew/district_data/delhi/north/delhi_north_profile.json,data/ceew/district_data/delhi/north_delhi/delhi_north_delhi_metadata_config.json,data/ceew/district_data/delhi/north/delhi_north_metadata_config.json,True
146,Delhi,New Delhi,delhi,new_delhi,DELHI,NEW DELHI,delhi,new_delhi,data/ceew/district_data/delhi/new_delhi/delhi_new_delhi_profile.json,data/ceew/district_data/delhi/new_delhi/delhi_new_delhi_profile.json,data/ceew/district_data/delhi/new_delhi/delhi_new_delhi_metadata_config.json,data/ceew/district_data/delhi/new_delhi/delhi_new_delhi_metadata_config.json,False
147,Delhi,Central Delhi,delhi,central_delhi,DELHI,CENTRAL,delhi,central,data/ceew/district_data/delhi/central_delhi/delhi_central_delhi_profile.json,data/ceew/district_data/delhi/central/delhi_central_profile.json,data/ceew/district_data/delhi/central_delhi/delhi_central_delhi_metadata_config.json,data/ceew/district_data/delhi/central/delhi_central_metadata_config.json,True
148,Delhi,South East Delhi,delhi,south_east_delhi,DELHI,SOUTH EAST,delhi,south_east,data/ceew/district_data/delhi/south_east_delhi/delhi_south_east_delhi_profile.json,data/ceew/district_data/delhi/south_east/delhi_south_east_profile.json,data/ceew/district_data/delhi/south_east_delhi/delhi_south_east_delhi_metadata_config.json,data/ceew/district_data/delhi/south_east/delhi_south_east_metadata_config.json,True
149,Delhi,South West Delhi,delhi,south_west_delhi,DELHI,SOUTH WEST,delhi,south_west,data/ceew/district_data/delhi/south_west_delhi/delhi_south_west_delhi_profile.json,data/ceew/district_data/delhi/south_west/delhi_south_west_profile.json,data/ceew/district_data/delhi/south_west_delhi/delhi_south_west_delhi_metadata_config.json,data/ceew/district_data/delhi/south_west/delhi_south_west_metadata_config.json,True
150,Delhi,East Delhi,delhi,east_delhi,DELHI,EAST,delhi,east,data/ceew/district_data/delhi/east_delhi/delhi_east_delhi_profile.json,data/ceew/district_data/delhi/east/delhi_east_profile.json,data/ceew/district_data/delhi/east_delhi/delhi_east_delhi_metadata_config.json,data/ceew/district_data/delhi/east/delhi_east_metadata_config.json,True
151,Delhi,South Delhi,delhi,south_delhi,DELHI,SOUTH,delhi,south,data/ceew/district_data/delhi/south_delhi/delhi_south_delhi_profile.json,data/ceew/district_data/delhi/south/delhi_south_profile.json,data/ceew/district_data/delhi/south_delhi/delhi_south_delhi_metadata_config.json,data/ceew/district_data/delhi/south/delhi_south_metadata_config.json,True
152,Delhi,North West Delhi,delhi,north_west_delhi,DELHI,NORTH WEST,delhi,north_west,data/ceew/district_data/delhi/north_west_delhi/delhi_north_west_delhi_profile.json,data/ceew/district_data/delhi/north_west/delhi_north_west_profile.json,data/ceew/district_data/delhi/north_west_delhi/delhi_north_west_delhi_metadata_config.json,data/ceew/district_data/delhi/north_west/delhi_north_west_metadata_config.json,True
153,Delhi,North East Delhi,delhi,north_east_delhi,DELHI,NORTH EAST,delhi,north_east,data/ceew/district_data/delhi/north_east_delhi/delhi_north_east_delhi_profile.json,data/ceew/district_data/delhi/north_east/delhi_north_east_profile.json,data/ceew/district_data/delhi/north_east_delhi/delhi_north_east_delhi_metadata_config.json,data/ceew/district_data/delhi/north_east/delhi_north_east_metadata_config.json,True
154,Delhi,West Delhi,delhi,west_delhi,DELHI,WEST,delhi,west,data/ceew/district_data/delhi/west_delhi/delhi_west_delhi_profile.json,data/ceew/district_data/delhi/west/delhi_west_profile.json,data/ceew/district_data/delhi/west_delhi/delhi_west_delhi_metadata_config.json,data/ceew/district_data/delhi/west/delhi_west_metadata_config.json,True
155,Delhi,Shahadra,delhi,shahadra,DELHI,SHAHADRA,delhi,shahadra,data/ceew/district_data/delhi/shahadra/delhi_shahadra_profile.json,data/ceew/district_data/delhi/shahadra/delhi_shahadra_profile.json,data/ceew/district_data/delhi/shahadra/delhi_shahadra_metadata_config.json,data/ceew/district_data/delhi/shahadra/delhi_shahadra_metadata_config.json,False
156,Andaman and Nicobar Islands,Nicobar,andaman_and_nicobar_islands,nicobar,ANDAMAN & NICOBAR,NICOBAR,andaman_nicobar,nicobar,data/ceew/district_data/andaman_and_nicobar_islands/nicobar/andaman_and_nicobar_islands_nicobar_profile.json,data/ceew/district_data/andaman_nicobar/nicobar/andaman_nicobar_nicobar_profile.json,data/ceew/district_data/andaman_and_nicobar_islands/nicobar/andaman_and_nicobar_islands_nicobar_metadata_config.json,data/ceew/district_data/andaman_nicobar/nicobar/andaman_nicobar_nicobar_metadata_config.json,True
157,Andaman and Nicobar Islands,North & Middle Andaman,andaman_and_nicobar_islands,north_middle_andaman,ANDAMAN & NICOBAR,NORTH & MIDDLE ANDAMAN,andaman_nicobar,north_middle_andaman,data/ceew/district_data/andaman_and_nicobar_islands/north_middle_andaman/andaman_and_nicobar_islands_north_middle_andaman_profile.json,data/ceew/district_data/andaman_nicobar/north_middle_andaman/andaman_nicobar_north_middle_andaman_profile.json,data/ceew/district_data/andaman_and_nicobar_islands/north_middle_andaman/andaman_and_nicobar_islands_north_middle_andaman_metadata_config.json,data/ceew/district_data/andaman_nicobar/north_middle_andaman/andaman_nicobar_north_middle_andaman_metadata_config.json,True
158,Andaman and Nicobar Islands,South Andaman,andaman_and_nicobar_islands,south_andaman,ANDAMAN & NICOBAR,SOUTH ANDAMAN,andaman_nicobar,south_andaman,data/ceew/district_data/andaman_and_nicobar_islands/south_andaman/andaman_and_nicobar_islands_south_andaman_profile.json,data/ceew/district_data/andaman_nicobar/south_andaman/andaman_nicobar_south_andaman_profile.json,data/ceew/district_data/andaman_and_nicobar_islands/south_andaman/andaman_and_nicobar_islands_south_andaman_metadata_config.json,data/ceew/district_data/andaman_nicobar/south_andaman/andaman_nicobar_south_andaman_metadata_config.json,True
159,Puducherry,Puducherry,puducherry,puducherry,PUDUCHERRY,PUDUCHERRY,puducherry,puducherry,data/ceew/district_data/puducherry/puducherry/puducherry_puducherry_profile.json,data/ceew/district_data/puducherry/puducherry/puducherry_puducherry_profile.json,data/ceew/district_data/puducherry/puducherry/puducherry_puducherry_metadata_config.json,data/ceew/district_data/puducherry/puducherry/puducherry_puducherry_metadata_config.json,False
160,Puducherry,Karaikal,puducherry,karaikal,PUDUCHERRY,KARAIKAL,puducherry,karaikal,data/ceew/district_data/puducherry/karaikal/puducherry_karaikal_profile.json,data/ceew/district_data/puducherry/karaikal/puducherry_karaikal_profile.json,data/ceew/district_data/puducherry/karaikal/puducherry_karaikal_metadata_config.json,data/ceew/district_data/puducherry/karaikal/puducherry_karaikal_metadata_config.json,False
161,Puducherry,Mahe,puducherry,mahe,PUDUCHERRY,MAHE,puducherry,mahe,data/ceew/district_data/puducherry/mahe/puducherry_mahe_profile.json,data/ceew/district_data/puducherry/mahe/puducherry_mahe_profile.json,data/ceew/district_data/puducherry/mahe/puducherry_mahe_metadata_config.json,data/ceew/district_data/puducherry/mahe/puducherry_mahe_metadata_config.json,False
162,Puducherry,Yanam,puducherry,yanam,PUDUCHERRY,YANAM,puducherry,yanam,data/ceew/district_data/puducherry/yanam/puducherry_yanam_profile.json,data/ceew/district_data/puducherry/yanam/puducherry_yanam_profile.json,data/ceew/district_data/puducherry/yanam/puducherry_yanam_metadata_config.json,data/ceew/district_data/puducherry/yanam/puducherry_yanam_metadata_config.json,False
163,Kerala,Palakkad,kerala,palakkad,KERALA,PALAKKAD,kerala,palakkad,data/ceew/district_data/kerala/palakkad/kerala_palakkad_profile.json,data/ceew/district_data/kerala/palakkad/kerala_palakkad_profile.json,data/ceew/district_data/kerala/palakkad/kerala_palakkad_metadata_config.json,data/ceew/district_data/kerala/palakkad/kerala_palakkad_metadata_config.json,False
164,Kerala,Ernakulam,kerala,ernakulam,KERALA,ERNAKULAM,kerala,ernakulam,data/ceew/district_data/kerala/ernakulam/kerala_ernakulam_profile.json,data/ceew/district_data/kerala/ernakulam/kerala_ernakulam_profile.json,data/ceew/district_data/kerala/ernakulam/kerala_ernakulam_metadata_config.json,data/ceew/district_data/kerala/ernakulam/kerala_ernakulam_metadata_config.json,False
165,Kerala,Pattanamthitta,kerala,pattanamthitta,KERALA,PATTANAMTHITTA,kerala,pattanamthitta,data/ceew/district_data/kerala/pattanamthitta/kerala_pattanamthitta_profile.json,data/ceew/district_data/kerala/pattanamthitta/kerala_pattanamthitta_profile.json,data/ceew/district_data/kerala/pattanamthitta/kerala_pattanamthitta_metadata_config.json,data/ceew/district_data/kerala/pattanamthitta/kerala_pattanamthitta_metadata_config.json,False
166,Kerala,Alappuzha,kerala,alappuzha,KERALA,ALAPPUZHA,kerala,alappuzha,data/ceew/district_data/kerala/alappuzha/kerala_alappuzha_profile.json,data/ceew/district_data/kerala/alappuzha/kerala_alappuzha_profile.json,data/ceew/district_data/kerala/alappuzha/kerala_alappuzha_metadata_config.json,data/ceew/district_data/kerala/alappuzha/kerala_alappuzha_metadata_config.json,False
167,Kerala,Trissur,kerala,trissur,KERALA,TRISSUR,kerala,trissur,data/ceew/district_data/kerala/trissur/kerala_trissur_profile.json,data/ceew/district_data/kerala/trissur/kerala_trissur_profile.json,data/ceew/district_data/kerala/trissur/kerala_trissur_metadata_config.json,data/ceew/district_data/kerala/trissur/kerala_trissur_metadata_config.json,False
168,Kerala,Kottayam,kerala,kottayam,KERALA,KOTTAYAM,kerala,kottayam,data/ceew/district_data/kerala/kottayam/kerala_kottayam_profile.json,data/ceew/district_data/kerala/kottayam/kerala_kottayam_profile.json,data/ceew/district_data/kerala/kottayam/kerala_kottayam_metadata_config.json,data/ceew/district_data/kerala/kottayam/kerala_kottayam_metadata_config.json,False
169,Kerala,Thiruvananthapuram,kerala,thiruvananthapuram,KERALA,THIRUVANANTHAPURAM,kerala,thiruvananthapuram,data/ceew/district_data/kerala/thiruvananthapuram/kerala_thiruvananthapuram_profile.json,data/ceew/district_data/kerala/thiruvananthapuram/kerala_thiruvananthapuram_profile.json,data/ceew/district_data/kerala/thiruvananthapuram/kerala_thiruvananthapuram_metadata_config.json,data/ceew/district_data/kerala/thiruvananthapuram/kerala_thiruvananthapuram_metadata_config.json,False
170,Kerala,Idukki,kerala,idukki,KERALA,IDUKKI,kerala,idukki,data/ceew/district_data/kerala/idukki/kerala_idukki_profile.json,data/ceew/district_data/kerala/idukki/kerala_idukki_profile.json,data/ceew/district_data/kerala/idukki/kerala_idukki_metadata_config.json,data/ceew/district_data/kerala/idukki/kerala_idukki_metadata_config.json,False
171,Kerala,Malappuram,kerala,malappuram,KERALA,MALAPPURAM,kerala,malappuram,data/ceew/district_data/kerala/malappuram/kerala_malappuram_profile.json,data/ceew/district_data/kerala/malappuram/kerala_malappuram_profile.json,data/ceew/district_data/kerala/malappuram/kerala_malappuram_metadata_config.json,data/ceew/district_data/kerala/malappuram/kerala_malappuram_metadata_config.json,False
172,Kerala,Kasaragod,kerala,kasaragod,KERALA,KASARAGOD,kerala,kasaragod,data/ceew/district_data/kerala/kasaragod/kerala_kasaragod_profile.json,data/ceew/district_data/kerala/kasaragod/kerala_kasaragod_profile.json,data/ceew/district_data/kerala/kasaragod/kerala_kasaragod_metadata_config.json,data/ceew/district_data/kerala/kasaragod/kerala_kasaragod_metadata_config.json,False
173,Kerala,Kannur,kerala,kannur,KERALA,KANNUR,kerala,kannur,data/ceew/district_data/kerala/kannur/kerala_kannur_profile.json,data/ceew/district_data/kerala/kannur/kerala_kannur_profile.json,data/ceew/district_data/kerala/kannur/kerala_kannur_metadata_config.json,data/ceew/district_data/kerala/kannur/kerala_kannur_metadata_config.json,False
174,Kerala,Kollam,kerala,kollam,KERALA,KOLLAM,kerala,kollam,data/ceew/district_data/kerala/kollam/kerala_kollam_profile.json,data/ceew/district_data/kerala/kollam/kerala_kollam_profile.json,data/ceew/district_data/kerala/kollam/kerala_kollam_metadata_config.json,data/ceew/district_data/kerala/kollam/kerala_kollam_metadata_config.json,False
175,Kerala,Kozhikode,kerala,kozhikode,KERALA,KOZHIKODE,kerala,kozhikode,data/ceew/district_data/kerala/kozhikode/kerala_kozhikode_profile.json,data/ceew/district_data/kerala/kozhikode/kerala_kozhikode_profile.json,data/ceew/district_data/kerala/kozhikode/kerala_kozhikode_metadata_config.json,data/ceew/district_data/kerala/kozhikode/kerala_kozhikode_metadata_config.json,False
176,Kerala,Wayanad,kerala,wayanad,KERALA,WAYANAD,kerala,wayanad,data/ceew/district_data/kerala/wayanad/kerala_wayanad_profile.json,data/ceew/district_data/kerala/wayanad/kerala_wayanad_profile.json,data/ceew/district_data/kerala/wayanad/kerala_wayanad_metadata_config.json,data/ceew/district_data/kerala/wayanad/kerala_wayanad_metadata_config.json,False
177,Lakshadweep,Lakshadweep,lakshadweep,lakshadweep,LAKSHADWEEP,LAKSHADWEEP,lakshadweep,lakshadweep,data/ceew/district_data/lakshadweep/lakshadweep/lakshadweep_lakshadweep_profile.json,data/ceew/district_data/lakshadweep/lakshadweep/lakshadweep_lakshadweep_profile.json,data/ceew/district_data/lakshadweep/lakshadweep/lakshadweep_lakshadweep_metadata_config.json,data/ceew/district_data/lakshadweep/lakshadweep/lakshadweep_lakshadweep_metadata_config.json,False
178,Chandigarh,Chandigarh,chandigarh,chandigarh,CHANDIGARH,CHANDIGARH,chandigarh,chandigarh,data/ceew/district_data/chandigarh/chandigarh/chandigarh_chandigarh_profile.json,data/ceew/district_data/chandigarh/chandigarh/chandigarh_chandigarh_profile.json,data/ceew/district_data/chandigarh/chandigarh/chandigarh_chandigarh_metadata_config.json,data/ceew/district_data/chandigarh/chandigarh/chandigarh_chandigarh_metadata_config.json,False
180,Andhra Pradesh,Kurnool,andhra_pradesh,kurnool,ANDHRA PRADESH,KURNOOL,andhra_pradesh,kurnool,data/ceew/district_data/andhra_pradesh/kurnool/andhra_pradesh_kurnool_profile.json,data/ceew/district_data/andhra_pradesh/kurnool/andhra_pradesh_kurnool_profile.json,data/ceew/district_data/andhra_pradesh/kurnool/andhra_pradesh_kurnool_metadata_config.json,data/ceew/district_data/andhra_pradesh/kurnool/andhra_pradesh_kurnool_metadata_config.json,False
181,Andhra Pradesh,Potti Sriramulu Nellore,andhra_pradesh,potti_sriramulu_nellore,ANDHRA PRADESH,POTTI SRIRAMULU NELLORE,andhra_pradesh,potti_sriramulu_nellore,data/ceew/district_data/andhra_pradesh/potti_sriramulu_nellore/andhra_pradesh_potti_sriramulu_nellore_profile.json,data/ceew/district_data/andhra_pradesh/potti_sriramulu_nellore/andhra_pradesh_potti_sriramulu_nellore_profile.json,data/ceew/district_data/andhra_pradesh/potti_sriramulu_nellore/andhra_pradesh_potti_sriramulu_nellore_metadata_config.json,data/ceew/district_data/andhra_pradesh/potti_sriramulu_nellore/andhra_pradesh_potti_sriramulu_nellore_metadata_config.json,False
182,Andhra Pradesh,Vizianagaram,andhra_pradesh,vizianagaram,ANDHRA PRADESH,VIZIANAGARAM,andhra_pradesh,vizianagaram,data/ceew/district_data/andhra_pradesh/vizianagaram/andhra_pradesh_vizianagaram_profile.json,data/ceew/district_data/andhra_pradesh/vizianagaram/andhra_pradesh_vizianagaram_profile.json,data/ceew/district_data/andhra_pradesh/vizianagaram/andhra_pradesh_vizianagaram_metadata_config.json,data/ceew/district_data/andhra_pradesh/vizianagaram/andhra_pradesh_vizianagaram_metadata_config.json,False
183,Andhra Pradesh,Visakhapatnam,andhra_pradesh,visakhapatnam,ANDHRA PRADESH,VISHAKHAPATNAM,andhra_pradesh,vishakhapatnam,data/ceew/district_data/andhra_pradesh/visakhapatnam/andhra_pradesh_visakhapatnam_profile.json,data/ceew/district_data/andhra_pradesh/vishakhapatnam/andhra_pradesh_vishakhapatnam_profile.json,data/ceew/district_data/andhra_pradesh/visakhapatnam/andhra_pradesh_visakhapatnam_metadata_config.json,data/ceew/district_data/andhra_pradesh/vishakhapatnam/andhra_pradesh_vishakhapatnam_metadata_config.json,True
184,Andhra Pradesh,Y S R Kadapa,andhra_pradesh,y_s_r_kadapa,ANDHRA PRADESH,Y S R KADAPA,andhra_pradesh,y_s_r_kadapa,data/ceew/district_data/andhra_pradesh/y_s_r_kadapa/andhra_pradesh_y_s_r_kadapa_profile.json,data/ceew/district_data/andhra_pradesh/y_s_r_kadapa/andhra_pradesh_y_s_r_kadapa_profile.json,data/ceew/district_data/andhra_pradesh/y_s_r_kadapa/andhra_pradesh_y_s_r_kadapa_metadata_config.json,data/ceew/district_data/andhra_pradesh/y_s_r_kadapa/andhra_pradesh_y_s_r_kadapa_metadata_config.json,False
185,Andhra Pradesh,Anantapur,andhra_pradesh,anantapur,ANDHRA PRADESH,ANANTHAPUR,andhra_pradesh,ananthapur,data/ceew/district_data/andhra_pradesh/anantapur/andhra_pradesh_anantapur_profile.json,data/ceew/district_data/andhra_pradesh/ananthapur/andhra_pradesh_ananthapur_profile.json,data/ceew/district_data/andhra_pradesh/anantapur/andhra_pradesh_anantapur_metadata_config.json,data/ceew/district_data/andhra_pradesh/ananthapur/andhra_pradesh_ananthapur_metadata_config.json,True
186,Andhra Pradesh,Prakasam,andhra_pradesh,prakasam,ANDHRA PRADESH,PRAKASAM,andhra_pradesh,prakasam,data/ceew/district_data/andhra_pradesh/prakasam/andhra_pradesh_prakasam_profile.json,data/ceew/district_data/andhra_pradesh/prakasam/andhra_pradesh_prakasam_profile.json,data/ceew/district_data/andhra_pradesh/prakasam/andhra_pradesh_prakasam_metadata_config.json,data/ceew/district_data/andhra_pradesh/prakasam/andhra_pradesh_prakasam_metadata_config.json,False
187,Andhra Pradesh,East Godavari,andhra_pradesh,east_godavari,ANDHRA PRADESH,EAST GODAVARI,andhra_pradesh,east_godavari,data/ceew/district_data/andhra_pradesh/east_godavari/andhra_pradesh_east_godavari_profile.json,data/ceew/district_data/andhra_pradesh/east_godavari/andhra_pradesh_east_godavari_profile.json,data/ceew/district_data/andhra_pradesh/east_godavari/andhra_pradesh_east_godavari_metadata_config.json,data/ceew/district_data/andhra_pradesh/east_godavari/andhra_pradesh_east_godavari_metadata_config.json,False
188,Andhra Pradesh,Krishna,andhra_pradesh,krishna,ANDHRA PRADESH,KRISHNA,andhra_pradesh,krishna,data/ceew/district_data/andhra_pradesh/krishna/andhra_pradesh_krishna_profile.json,data/ceew/district_data/andhra_pradesh/krishna/andhra_pradesh_krishna_profile.json,data/ceew/district_data/andhra_pradesh/krishna/andhra_pradesh_krishna_metadata_config.json,data/ceew/district_data/andhra_pradesh/krishna/andhra_pradesh_krishna_metadata_config.json,False
189,Andhra Pradesh,Srikakulam,andhra_pradesh,srikakulam,ANDHRA PRADESH,SRIKAKULAM,andhra_pradesh,srikakulam,data/ceew/district_data/andhra_pradesh/srikakulam/andhra_pradesh_srikakulam_profile.json,data/ceew/district_data/andhra_pradesh/srikakulam/andhra_pradesh_srikakulam_profile.json,data/ceew/district_data/andhra_pradesh/srikakulam/andhra_pradesh_srikakulam_metadata_config.json,data/ceew/district_data/andhra_pradesh/srikakulam/andhra_pradesh_srikakulam_metadata_config.json,False
190,Andhra Pradesh,Chittoor,andhra_pradesh,chittoor,ANDHRA PRADESH,CHITTOOR,andhra_pradesh,chittoor,data/ceew/district_data/andhra_pradesh/chittoor/andhra_pradesh_chittoor_profile.json,data/ceew/district_data/andhra_pradesh/chittoor/andhra_pradesh_chittoor_profile.json,data/ceew/district_data/andhra_pradesh/chittoor/andhra_pradesh_chittoor_metadata_config.json,data/ceew/district_data/andhra_pradesh/chittoor/andhra_pradesh_chittoor_metadata_config.json,False
191,Andhra Pradesh,West Godavari,andhra_pradesh,west_godavari,ANDHRA PRADESH,WEST GODAVARI,andhra_pradesh,west_godavari,data/ceew/district_data/andhra_pradesh/west_godavari/andhra_pradesh_west_godavari_profile.json,data/ceew/district_data/andhra_pradesh/west_godavari/andhra_pradesh_west_godavari_profile.json,data/ceew/district_data/andhra_pradesh/west_godavari/andhra_pradesh_west_godavari_metadata_config.json,data/ceew/district_data/andhra_pradesh/west_godavari/andhra_pradesh_west_godavari_metadata_config.json,False
192,Andhra Pradesh,Guntur,andhra_pradesh,guntur,ANDHRA PRADESH,GUNTUR,andhra_pradesh,guntur,data/ceew/district_data/andhra_pradesh/guntur/andhra_pradesh_guntur_profile.json,data/ceew/district_data/andhra_pradesh/guntur/andhra_pradesh_guntur_profile.json,data/ceew/district_data/andhra_pradesh/guntur/andhra_pradesh_guntur_metadata_config.json,data/ceew/district_data/andhra_pradesh/guntur/andhra_pradesh_guntur_metadata_config.json,False
193,Telangana,Nalgonda,telangana,nalgonda,TELANGANA,NALGONDA,telangana,nalgonda,data/ceew/district_data/telangana/nalgonda/telangana_nalgonda_profile.json,data/ceew/district_data/telangana/nalgonda/telangana_nalgonda_profile.json,data/ceew/district_data/telangana/nalgonda/telangana_nalgonda_metadata_config.json,data/ceew/district_data/telangana/nalgonda/telangana_nalgonda_metadata_config.json,False
194,Telangana,Jayashankar Bhupalapally,telangana,jayashankar_bhupalapally,TELANGANA,JAYASHANKAR BHUPALAPALLY,telangana,jayashankar_bhupalapally,data/ceew/district_data/telangana/jayashankar_bhupalapally/telangana_jayashankar_bhupalapally_profile.json,data/ceew/district_data/telangana/jayashankar_bhupalapally/telangana_jayashankar_bhupalapally_profile.json,data/ceew/district_data/telangana/jayashankar_bhupalapally/telangana_jayashankar_bhupalapally_metadata_config.json,data/ceew/district_data/telangana/jayashankar_bhupalapally/telangana_jayashankar_bhupalapally_metadata_config.json,False
195,Telangana,Vikarabad,telangana,vikarabad,TELANGANA,VIKARABAD,telangana,vikarabad,data/ceew/district_data/telangana/vikarabad/telangana_vikarabad_profile.json,data/ceew/district_data/telangana/vikarabad/telangana_vikarabad_profile.json,data/ceew/district_data/telangana/vikarabad/telangana_vikarabad_metadata_config.json,data/ceew/district_data/telangana/vikarabad/telangana_vikarabad_metadata_config.json,False
196,Telangana,Siddipet,telangana,siddipet,TELANGANA,SIDDIPET,telangana,siddipet,data/ceew/district_data/telangana/siddipet/telangana_siddipet_profile.json,data/ceew/district_data/telangana/siddipet/telangana_siddipet_profile.json,data/ceew/district_data/telangana/siddipet/telangana_siddipet_metadata_config.json,data/ceew/district_data/telangana/siddipet/telangana_siddipet_metadata_config.json,False
197,Telangana,Rangareddy,telangana,rangareddy,TELANGANA,RANGAREDDY,telangana,rangareddy,data/ceew/district_data/telangana/rangareddy/telangana_rangareddy_profile.json,data/ceew/district_data/telangana/rangareddy/telangana_rangareddy_profile.json,data/ceew/district_data/telangana/rangareddy/telangana_rangareddy_metadata_config.json,data/ceew/district_data/telangana/rangareddy/telangana_rangareddy_metadata_config.json,False
198,Telangana,Peddapalli,telangana,peddapalli,TELANGANA,PEDDAPALLI,telangana,peddapalli,data/ceew/district_data/telangana/peddapalli/telangana_peddapalli_profile.json,data/ceew/district_data/telangana/peddapalli/telangana_peddapalli_profile.json,data/ceew/district_data/telangana/peddapalli/telangana_peddapalli_metadata_config.json,data/ceew/district_data/telangana/peddapalli/telangana_peddapalli_metadata_config.json,False
199,Telangana,Mulugu,telangana,mulugu,TELANGANA,MULUGU,telangana,mulugu,data/ceew/district_data/telangana/mulugu/telangana_mulugu_profile.json,data/ceew/district_data/telangana/mulugu/telangana_mulugu_profile.json,data/ceew/district_data/telangana/mulugu/telangana_mulugu_metadata_config.json,data/ceew/district_data/telangana/mulugu/telangana_mulugu_metadata_config.json,False
200,Telangana,Nizamabad,telangana,nizamabad,TELANGANA,NIZAMABAD,telangana,nizamabad,data/ceew/district_data/telangana/nizamabad/telangana_nizamabad_profile.json,data/ceew/district_data/telangana/nizamabad/telangana_nizamabad_profile.json,data/ceew/district_data/telangana/nizamabad/telangana_nizamabad_metadata_config.json,data/ceew/district_data/telangana/nizamabad/telangana_nizamabad_metadata_config.json,False
201,Telangana,Nirmal,telangana,nirmal,TELANGANA,NIRMAL,telangana,nirmal,data/ceew/district_data/telangana/nirmal/telangana_nirmal_profile.json,data/ceew/district_data/telangana/nirmal/telangana_nirmal_profile.json,data/ceew/district_data/telangana/nirmal/telangana_nirmal_metadata_config.json,data/ceew/district_data/telangana/nirmal/telangana_nirmal_metadata_config.json,False
202,Telangana,Yadadri Bhuvanagiri,telangana,yadadri_bhuvanagiri,TELANGANA,YADADRI BHUVANAGIRI,telangana,yadadri_bhuvanagiri,data/ceew/district_data/telangana/yadadri_bhuvanagiri/telangana_yadadri_bhuvanagiri_profile.json,data/ceew/district_data/telangana/yadadri_bhuvanagiri/telangana_yadadri_bhuvanagiri_profile.json,data/ceew/district_data/telangana/yadadri_bhuvanagiri/telangana_yadadri_bhuvanagiri_metadata_config.json,data/ceew/district_data/telangana/yadadri_bhuvanagiri/telangana_yadadri_bhuvanagiri_metadata_config.json,False
203,Telangana,Jangaon,telangana,jangaon,TELANGANA,JANGAON,telangana,jangaon,data/ceew/district_data/telangana/jangaon/telangana_jangaon_profile.json,data/ceew/district_data/telangana/jangaon/telangana_jangaon_profile.json,data/ceew/district_data/telangana/jangaon/telangana_jangaon_metadata_config.json,data/ceew/district_data/telangana/jangaon/telangana_jangaon_metadata_config.json,False
204,Telangana,Bhadradri Kothagudem,telangana,bhadradri_kothagudem,TELANGANA,BHADRADRI KOTHAGUDEM,telangana,bhadradri_kothagudem,data/ceew/district_data/telangana/bhadradri_kothagudem/telangana_bhadradri_kothagudem_profile.json,data/ceew/district_data/telangana/bhadradri_kothagudem/telangana_bhadradri_kothagudem_profile.json,data/ceew/district_data/telangana/bhadradri_kothagudem/telangana_bhadradri_kothagudem_metadata_config.json,data/ceew/district_data/telangana/bhadradri_kothagudem/telangana_bhadradri_kothagudem_metadata_config.json,False
205,Telangana,Mancherial,telangana,mancherial,TELANGANA,MANCHERIAL,telangana,mancherial,data/ceew/district_data/telangana/mancherial/telangana_mancherial_profile.json,data/ceew/district_data/telangana/mancherial/telangana_mancherial_profile.json,data/ceew/district_data/telangana/mancherial/telangana_mancherial_metadata_config.json,data/ceew/district_data/telangana/mancherial/telangana_mancherial_metadata_config.json,False
206,Telangana,Wanaparthy,telangana,wanaparthy,TELANGANA,WANAPARTHY,telangana,wanaparthy,data/ceew/district_data/telangana/wanaparthy/telangana_wanaparthy_profile.json,data/ceew/district_data/telangana/wanaparthy/telangana_wanaparthy_profile.json,data/ceew/district_data/telangana/wanaparthy/telangana_wanaparthy_metadata_config.json,data/ceew/district_data/telangana/wanaparthy/telangana_wanaparthy_metadata_config.json,False
207,Telangana,Nagarkurnool,telangana,nagarkurnool,TELANGANA,NAGARKURNOOL,telangana,nagarkurnool,data/ceew/district_data/telangana/nagarkurnool/telangana_nagarkurnool_profile.json,data/ceew/district_data/telangana/nagarkurnool/telangana_nagarkurnool_profile.json,data/ceew/district_data/telangana/nagarkurnool/telangana_nagarkurnool_metadata_config.json,data/ceew/district_data/telangana/nagarkurnool/telangana_nagarkurnool_metadata_config.json,False
208,Telangana,Warangal (Urban),telangana,warangal_urban,TELANGANA,WARANGAL (URBAN),telangana,warangal_urban,data/ceew/district_data/telangana/warangal_urban/telangana_warangal_urban_profile.json,data/ceew/district_data/telangana/warangal_urban/telangana_warangal_urban_profile.json,data/ceew/district_data/telangana/warangal_urban/telangana_warangal_urban_metadata_config.json,data/ceew/district_data/telangana/warangal_urban/telangana_warangal_urban_metadata_config.json,False
209,Telangana,Khammam,telangana,khammam,TELANGANA,KHAMMAM,telangana,khammam,data/ceew/district_data/telangana/khammam/telangana_khammam_profile.json,data/ceew/district_data/telangana/khammam/telangana_khammam_profile.json,data/ceew/district_data/telangana/khammam/telangana_khammam_metadata_config.json,data/ceew/district_data/telangana/khammam/telangana_khammam_metadata_config.json,False
210,Telangana,Kamareddy,telangana,kamareddy,TELANGANA,KAMAREDDY,telangana,kamareddy,data/ceew/district_data/telangana/kamareddy/telangana_kamareddy_profile.json,data/ceew/district_data/telangana/kamareddy/telangana_kamareddy_profile.json,data/ceew/district_data/telangana/kamareddy/telangana_kamareddy_metadata_config.json,data/ceew/district_data/telangana/kamareddy/telangana_kamareddy_metadata_config.json,False
211,TELANGANA,RANJANNA SIRCILLA,telangana,ranjanna_sircilla,TELANGANA,RANJANNA SIRCILLA,telangana,ranjanna_sircilla,data/ceew/district_data/telangana/ranjanna_sircilla/telangana_ranjanna_sircilla_profile.json,data/ceew/district_data/telangana/ranjanna_sircilla/telangana_ranjanna_sircilla_profile.json,data/ceew/district_data/telangana/ranjanna_sircilla/telangana_ranjanna_sircilla_metadata_config.json,data/ceew/district_data/telangana/ranjanna_sircilla/telangana_ranjanna_sircilla_metadata_config.json,False
212,Telangana,Adilabad,telangana,adilabad,TELANGANA,ADILABAD,telangana,adilabad,data/ceew/district_data/telangana/adilabad/telangana_adilabad_profile.json,data/ceew/district_data/telangana/adilabad/telangana_adilabad_profile.json,data/ceew/district_data/telangana/adilabad/telangana_adilabad_metadata_config.json,data/ceew/district_data/telangana/adilabad/telangana_adilabad_metadata_config.json,False
213,Telangana,Mahabubabad,telangana,mahabubabad,TELANGANA,MAHABUBABAD,telangana,mahabubabad,data/ceew/district_data/telangana/mahabubabad/telangana_mahabubabad_profile.json,data/ceew/district_data/telangana/mahabubabad/telangana_mahabubabad_profile.json,data/ceew/district_data/telangana/mahabubabad/telangana_mahabubabad_metadata_config.json,data/ceew/district_data/telangana/mahabubabad/telangana_mahabubabad_metadata_config.json,False
214,Telangana,Suryapet,telangana,suryapet,TELANGANA,SURYAPET,telangana,suryapet,data/ceew/district_data/telangana/suryapet/telangana_suryapet_profile.json,data/ceew/district_data/telangana/suryapet/telangana_suryapet_profile.json,data/ceew/district_data/telangana/suryapet/telangana_suryapet_metadata_config.json,data/ceew/district_data/telangana/suryapet/telangana_suryapet_metadata_config.json,False
215,Telangana,Mahabubnagar,telangana,mahabubnagar,TELANGANA,MAHABUBNAGAR,telangana,mahabubnagar,data/ceew/district_data/telangana/mahabubnagar/telangana_mahabubnagar_profile.json,data/ceew/district_data/telangana/mahabubnagar/telangana_mahabubnagar_profile.json,data/ceew/district_data/telangana/mahabubnagar/telangana_mahabubnagar_metadata_config.json,data/ceew/district_data/telangana/mahabubnagar/telangana_mahabubnagar_metadata_config.json,False
216,Telangana,Jogulamba Gadwal,telangana,jogulamba_gadwal,TELANGANA,JOGULAMBA GADWAL,telangana,jogulamba_gadwal,data/ceew/district_data/telangana/jogulamba_gadwal/telangana_jogulamba_gadwal_profile.json,data/ceew/district_data/telangana/jogulamba_gadwal/telangana_jogulamba_gadwal_profile.json,data/ceew/district_data/telangana/jogulamba_gadwal/telangana_jogulamba_gadwal_metadata_config.json,data/ceew/district_data/telangana/jogulamba_gadwal/telangana_jogulamba_gadwal_metadata_config.json,False
217,Telangana,Medak,telangana,medak,TELANGANA,MEDAK,telangana,medak,data/ceew/district_data/telangana/medak/telangana_medak_profile.json,data/ceew/district_data/telangana/medak/telangana_medak_profile.json,data/ceew/district_data/telangana/medak/telangana_medak_metadata_config.json,data/ceew/district_data/telangana/medak/telangana_medak_metadata_config.json,False
218,Telangana,Sangareddy,telangana,sangareddy,TELANGANA,SANGAREDDY,telangana,sangareddy,data/ceew/district_data/telangana/sangareddy/telangana_sangareddy_profile.json,data/ceew/district_data/telangana/sangareddy/telangana_sangareddy_profile.json,data/ceew/district_data/telangana/sangareddy/telangana_sangareddy_metadata_config.json,data/ceew/district_data/telangana/sangareddy/telangana_sangareddy_metadata_config.json,False
219,TELANGANA,KUMURAM BHEEM,telangana,kumuram_bheem,TELANGANA,KUMURAM BHEEM,telangana,kumuram_bheem,data/ceew/district_data/telangana/kumuram_bheem/telangana_kumuram_bheem_profile.json,data/ceew/district_data/telangana/kumuram_bheem/telangana_kumuram_bheem_profile.json,data/ceew/district_data/telangana/kumuram_bheem/telangana_kumuram_bheem_metadata_config.json,data/ceew/district_data/telangana/kumuram_bheem/telangana_kumuram_bheem_metadata_config.json,False
220,Telangana,Warangal (Rural),telangana,warangal_rural,TELANGANA,WARANGAL (RURAL),telangana,warangal_rural,data/ceew/district_data/telangana/warangal_rural/telangana_warangal_rural_profile.json,data/ceew/district_data/telangana/warangal_rural/telangana_warangal_rural_profile.json,data/ceew/district_data/telangana/warangal_rural/telangana_warangal_rural_metadata_config.json,data/ceew/district_data/telangana/warangal_rural/telangana_warangal_rural_metadata_config.json,False
221,Telangana,Medchal-Malkajgiri,telangana,medchal_malkajgiri,TELANGANA,MEDCHAL-MALKAJGIRI,telangana,medchal_malkajgiri,data/ceew/district_data/telangana/medchal_malkajgiri/telangana_medchal_malkajgiri_profile.json,data/ceew/district_data/telangana/medchal_malkajgiri/telangana_medchal_malkajgiri_profile.json,data/ceew/district_data/telangana/medchal_malkajgiri/telangana_medchal_malkajgiri_metadata_config.json,data/ceew/district_data/telangana/medchal_malkajgiri/telangana_medchal_malkajgiri_metadata_config.json,False
222,Telangana,Jagtial,telangana,jagtial,TELANGANA,JAGTIAL,telangana,jagtial,data/ceew/district_data/telangana/jagtial/telangana_jagtial_profile.json,data/ceew/district_data/telangana/jagtial/telangana_jagtial_profile.json,data/ceew/district_data/telangana/jagtial/telangana_jagtial_metadata_config.json,data/ceew/district_data/telangana/jagtial/telangana_jagtial_metadata_config.json,False
223,Telangana,Karimnagar,telangana,karimnagar,TELANGANA,KARIMNAGAR,telangana,karimnagar,data/ceew/district_data/telangana/karimnagar/telangana_karimnagar_profile.json,data/ceew/district_data/telangana/karimnagar/telangana_karimnagar_profile.json,data/ceew/district_data/telangana/karimnagar/telangana_karimnagar_metadata_config.json,data/ceew/district_data/telangana/karimnagar/telangana_karimnagar_metadata_config.json,False
224,Telangana,Narayanpet,telangana,narayanpet,TELANGANA,NARAYANPET,telangana,narayanpet,data/ceew/district_data/telangana/narayanpet/telangana_narayanpet_profile.json,data/ceew/district_data/telangana/narayanpet/telangana_narayanpet_profile.json,data/ceew/district_data/telangana/narayanpet/telangana_narayanpet_metadata_config.json,data/ceew/district_data/telangana/narayanpet/telangana_narayanpet_metadata_config.json,False
225,Telangana,Hyderabad,telangana,hyderabad,TELANGANA,HYDERABAD,telangana,hyderabad,data/ceew/district_data/telangana/hyderabad/telangana_hyderabad_profile.json,data/ceew/district_data/telangana/hyderabad/telangana_hyderabad_profile.json,data/ceew/district_data/telangana/hyderabad/telangana_hyderabad_metadata_config.json,data/ceew/district_data/telangana/hyderabad/telangana_hyderabad_metadata_config.json,False
226,Uttar Pradesh,Bijnor,uttar_pradesh,bijnor,UTTAR PRADESH,BIJNOR,uttar_pradesh,bijnor,data/ceew/district_data/uttar_pradesh/bijnor/uttar_pradesh_bijnor_profile.json,data/ceew/district_data/uttar_pradesh/bijnor/uttar_pradesh_bijnor_profile.json,data/ceew/district_data/uttar_pradesh/bijnor/uttar_pradesh_bijnor_metadata_config.json,data/ceew/district_data/uttar_pradesh/bijnor/uttar_pradesh_bijnor_metadata_config.json,False
227,Uttar Pradesh,Agra,uttar_pradesh,agra,UTTAR PRADESH,AGRA,uttar_pradesh,agra,data/ceew/district_data/uttar_pradesh/agra/uttar_pradesh_agra_profile.json,data/ceew/district_data/uttar_pradesh/agra/uttar_pradesh_agra_profile.json,data/ceew/district_data/uttar_pradesh/agra/uttar_pradesh_agra_metadata_config.json,data/ceew/district_data/uttar_pradesh/agra/uttar_pradesh_agra_metadata_config.json,False
228,Uttar Pradesh,Ambedkarnagar,uttar_pradesh,ambedkarnagar,UTTAR PRADESH,AMBEDKARNAGAR,uttar_pradesh,ambedkarnagar,data/ceew/district_data/uttar_pradesh/ambedkarnagar/uttar_pradesh_ambedkarnagar_profile.json,data/ceew/district_data/uttar_pradesh/ambedkarnagar/uttar_pradesh_ambedkarnagar_profile.json,data/ceew/district_data/uttar_pradesh/ambedkarnagar/uttar_pradesh_ambedkarnagar_metadata_config.json,data/ceew/district_data/uttar_pradesh/ambedkarnagar/uttar_pradesh_ambedkarnagar_metadata_config.json,False
229,Uttar Pradesh,Kanpur Dehat,uttar_pradesh,kanpur_dehat,UTTAR PRADESH,KANPUR DEHAT,uttar_pradesh,kanpur_dehat,data/ceew/district_data/uttar_pradesh/kanpur_dehat/uttar_pradesh_kanpur_dehat_profile.json,data/ceew/district_data/uttar_pradesh/kanpur_dehat/uttar_pradesh_kanpur_dehat_profile.json,data/ceew/district_data/uttar_pradesh/kanpur_dehat/uttar_pradesh_kanpur_dehat_metadata_config.json,data/ceew/district_data/uttar_pradesh/kanpur_dehat/uttar_pradesh_kanpur_dehat_metadata_config.json,False
230,Uttar Pradesh,Etah,uttar_pradesh,etah,UTTAR PRADESH,ETAH,uttar_pradesh,etah,data/ceew/district_data/uttar_pradesh/etah/uttar_pradesh_etah_profile.json,data/ceew/district_data/uttar_pradesh/etah/uttar_pradesh_etah_profile.json,data/ceew/district_data/uttar_pradesh/etah/uttar_pradesh_etah_metadata_config.json,data/ceew/district_data/uttar_pradesh/etah/uttar_pradesh_etah_metadata_config.json,False
231,Uttar Pradesh,Prayagraj,uttar_pradesh,prayagraj,UTTAR PRADESH,PRAYAGRAJ,uttar_pradesh,prayagraj,data/ceew/district_data/uttar_pradesh/prayagraj/uttar_pradesh_prayagraj_profile.json,data/ceew/district_data/uttar_pradesh/prayagraj/uttar_pradesh_prayagraj_profile.json,data/ceew/district_data/uttar_pradesh/prayagraj/uttar_pradesh_prayagraj_metadata_config.json,data/ceew/district_data/uttar_pradesh/prayagraj/uttar_pradesh_prayagraj_metadata_config.json,False
232,Uttar Pradesh,Amethi,uttar_pradesh,amethi,UTTAR PRADESH,AMETHI,uttar_pradesh,amethi,data/ceew/district_data/uttar_pradesh/amethi/uttar_pradesh_amethi_profile.json,data/ceew/district_data/uttar_pradesh/amethi/uttar_pradesh_amethi_profile.json,data/ceew/district_data/uttar_pradesh/amethi/uttar_pradesh_amethi_metadata_config.json,data/ceew/district_data/uttar_pradesh/amethi/uttar_pradesh_amethi_metadata_config.json,False
233,Uttar Pradesh,Farrukhabad,uttar_pradesh,farrukhabad,UTTAR PRADESH,FARRUKHABAD,uttar_pradesh,farrukhabad,data/ceew/district_data/uttar_pradesh/farrukhabad/uttar_pradesh_farrukhabad_profile.json,data/ceew/district_data/uttar_pradesh/farrukhabad/uttar_pradesh_farrukhabad_profile.json,data/ceew/district_data/uttar_pradesh/farrukhabad/uttar_pradesh_farrukhabad_metadata_config.json,data/ceew/district_data/uttar_pradesh/farrukhabad/uttar_pradesh_farrukhabad_metadata_config.json,False
234,Uttar Pradesh,Amroha,uttar_pradesh,amroha,UTTAR PRADESH,AMROHA,uttar_pradesh,amroha,data/ceew/district_data/uttar_pradesh/amroha/uttar_pradesh_amroha_profile.json,data/ceew/district_data/uttar_pradesh/amroha/uttar_pradesh_amroha_profile.json,data/ceew/district_data/uttar_pradesh/amroha/uttar_pradesh_amroha_metadata_config.json,data/ceew/district_data/uttar_pradesh/amroha/uttar_pradesh_amroha_metadata_config.json,False
235,Uttar Pradesh,Bulandshahr,uttar_pradesh,bulandshahr,UTTAR PRADESH,BULANDSHAHR,uttar_pradesh,bulandshahr,data/ceew/district_data/uttar_pradesh/bulandshahr/uttar_pradesh_bulandshahr_profile.json,data/ceew/district_data/uttar_pradesh/bulandshahr/uttar_pradesh_bulandshahr_profile.json,data/ceew/district_data/uttar_pradesh/bulandshahr/uttar_pradesh_bulandshahr_metadata_config.json,data/ceew/district_data/uttar_pradesh/bulandshahr/uttar_pradesh_bulandshahr_metadata_config.json,False
236,Uttar Pradesh,Sambhal,uttar_pradesh,sambhal,UTTAR PRADESH,SAMBHAL,uttar_pradesh,sambhal,data/ceew/district_data/uttar_pradesh/sambhal/uttar_pradesh_sambhal_profile.json,data/ceew/district_data/uttar_pradesh/sambhal/uttar_pradesh_sambhal_profile.json,data/ceew/district_data/uttar_pradesh/sambhal/uttar_pradesh_sambhal_metadata_config.json,data/ceew/district_data/uttar_pradesh/sambhal/uttar_pradesh_sambhal_metadata_config.json,False
237,Uttar Pradesh,Bareilly,uttar_pradesh,bareilly,UTTAR PRADESH,BAREILLY,uttar_pradesh,bareilly,data/ceew/district_data/uttar_pradesh/bareilly/uttar_pradesh_bareilly_profile.json,data/ceew/district_data/uttar_pradesh/bareilly/uttar_pradesh_bareilly_profile.json,data/ceew/district_data/uttar_pradesh/bareilly/uttar_pradesh_bareilly_metadata_config.json,data/ceew/district_data/uttar_pradesh/bareilly/uttar_pradesh_bareilly_metadata_config.json,False
238,Uttar Pradesh,Banda,uttar_pradesh,banda,UTTAR PRADESH,BANDA,uttar_pradesh,banda,data/ceew/district_data/uttar_pradesh/banda/uttar_pradesh_banda_profile.json,data/ceew/district_data/uttar_pradesh/banda/uttar_pradesh_banda_profile.json,data/ceew/district_data/uttar_pradesh/banda/uttar_pradesh_banda_metadata_config.json,data/ceew/district_data/uttar_pradesh/banda/uttar_pradesh_banda_metadata_config.json,False
239,Uttar Pradesh,Aligarh,uttar_pradesh,aligarh,UTTAR PRADESH,ALIGARH,uttar_pradesh,aligarh,data/ceew/district_data/uttar_pradesh/aligarh/uttar_pradesh_aligarh_profile.json,data/ceew/district_data/uttar_pradesh/aligarh/uttar_pradesh_aligarh_profile.json,data/ceew/district_data/uttar_pradesh/aligarh/uttar_pradesh_aligarh_metadata_config.json,data/ceew/district_data/uttar_pradesh/aligarh/uttar_pradesh_aligarh_metadata_config.json,False
240,Uttar Pradesh,Bhadohi,uttar_pradesh,bhadohi,UTTAR PRADESH,BHADOHI,uttar_pradesh,bhadohi,data/ceew/district_data/uttar_pradesh/bhadohi/uttar_pradesh_bhadohi_profile.json,data/ceew/district_data/uttar_pradesh/bhadohi/uttar_pradesh_bhadohi_profile.json,data/ceew/district_data/uttar_pradesh/bhadohi/uttar_pradesh_bhadohi_metadata_config.json,data/ceew/district_data/uttar_pradesh/bhadohi/uttar_pradesh_bhadohi_metadata_config.json,False
241,Uttar Pradesh,Auraiya,uttar_pradesh,auraiya,UTTAR PRADESH,AURAIYA,uttar_pradesh,auraiya,data/ceew/district_data/uttar_pradesh/auraiya/uttar_pradesh_auraiya_profile.json,data/ceew/district_data/uttar_pradesh/auraiya/uttar_pradesh_auraiya_profile.json,data/ceew/district_data/uttar_pradesh/auraiya/uttar_pradesh_auraiya_metadata_config.json,data/ceew/district_data/uttar_pradesh/auraiya/uttar_pradesh_auraiya_metadata_config.json,False
242,Uttar Pradesh,Azamgarh,uttar_pradesh,azamgarh,UTTAR PRADESH,AZAMGARH,uttar_pradesh,azamgarh,data/ceew/district_data/uttar_pradesh/azamgarh/uttar_pradesh_azamgarh_profile.json,data/ceew/district_data/uttar_pradesh/azamgarh/uttar_pradesh_azamgarh_profile.json,data/ceew/district_data/uttar_pradesh/azamgarh/uttar_pradesh_azamgarh_metadata_config.json,data/ceew/district_data/uttar_pradesh/azamgarh/uttar_pradesh_azamgarh_metadata_config.json,False
243,Uttar Pradesh,Budaun,uttar_pradesh,budaun,UTTAR PRADESH,BUDAUN,uttar_pradesh,budaun,data/ceew/district_data/uttar_pradesh/budaun/uttar_pradesh_budaun_profile.json,data/ceew/district_data/uttar_pradesh/budaun/uttar_pradesh_budaun_profile.json,data/ceew/district_data/uttar_pradesh/budaun/uttar_pradesh_budaun_metadata_config.json,data/ceew/district_data/uttar_pradesh/budaun/uttar_pradesh_budaun_metadata_config.json,False
244,Uttar Pradesh,Jaunpur,uttar_pradesh,jaunpur,UTTAR PRADESH,JAUNPUR,uttar_pradesh,jaunpur,data/ceew/district_data/uttar_pradesh/jaunpur/uttar_pradesh_jaunpur_profile.json,data/ceew/district_data/uttar_pradesh/jaunpur/uttar_pradesh_jaunpur_profile.json,data/ceew/district_data/uttar_pradesh/jaunpur/uttar_pradesh_jaunpur_metadata_config.json,data/ceew/district_data/uttar_pradesh/jaunpur/uttar_pradesh_jaunpur_metadata_config.json,False
245,Uttar Pradesh,Baghpat,uttar_pradesh,baghpat,UTTAR PRADESH,BAGHPAT,uttar_pradesh,baghpat,data/ceew/district_data/uttar_pradesh/baghpat/uttar_pradesh_baghpat_profile.json,data/ceew/district_data/uttar_pradesh/baghpat/uttar_pradesh_baghpat_profile.json,data/ceew/district_data/uttar_pradesh/baghpat/uttar_pradesh_baghpat_metadata_config.json,data/ceew/district_data/uttar_pradesh/baghpat/uttar_pradesh_baghpat_metadata_config.json,False
246,Uttar Pradesh,Bahraich,uttar_pradesh,bahraich,UTTAR PRADESH,BAHRAICH,uttar_pradesh,bahraich,data/ceew/district_data/uttar_pradesh/bahraich/uttar_pradesh_bahraich_profile.json,data/ceew/district_data/uttar_pradesh/bahraich/uttar_pradesh_bahraich_profile.json,data/ceew/district_data/uttar_pradesh/bahraich/uttar_pradesh_bahraich_metadata_config.json,data/ceew/district_data/uttar_pradesh/bahraich/uttar_pradesh_bahraich_metadata_config.json,False
247,Uttar Pradesh,Ballia,uttar_pradesh,ballia,UTTAR PRADESH,BALLIA,uttar_pradesh,ballia,data/ceew/district_data/uttar_pradesh/ballia/uttar_pradesh_ballia_profile.json,data/ceew/district_data/uttar_pradesh/ballia/uttar_pradesh_ballia_profile.json,data/ceew/district_data/uttar_pradesh/ballia/uttar_pradesh_ballia_metadata_config.json,data/ceew/district_data/uttar_pradesh/ballia/uttar_pradesh_ballia_metadata_config.json,False
248,Uttar Pradesh,Lucknow,uttar_pradesh,lucknow,UTTAR PRADESH,LUCKNOW,uttar_pradesh,lucknow,data/ceew/district_data/uttar_pradesh/lucknow/uttar_pradesh_lucknow_profile.json,data/ceew/district_data/uttar_pradesh/lucknow/uttar_pradesh_lucknow_profile.json,data/ceew/district_data/uttar_pradesh/lucknow/uttar_pradesh_lucknow_metadata_config.json,data/ceew/district_data/uttar_pradesh/lucknow/uttar_pradesh_lucknow_metadata_config.json,False
249,Uttar Pradesh,Balrampur,uttar_pradesh,balrampur,UTTAR PRADESH,BALRAMPUR,uttar_pradesh,balrampur,data/ceew/district_data/uttar_pradesh/balrampur/uttar_pradesh_balrampur_profile.json,data/ceew/district_data/uttar_pradesh/balrampur/uttar_pradesh_balrampur_profile.json,data/ceew/district_data/uttar_pradesh/balrampur/uttar_pradesh_balrampur_metadata_config.json,data/ceew/district_data/uttar_pradesh/balrampur/uttar_pradesh_balrampur_metadata_config.json,False
250,Uttar Pradesh,Gorakhpur,uttar_pradesh,gorakhpur,UTTAR PRADESH,GORAKHPUR,uttar_pradesh,gorakhpur,data/ceew/district_data/uttar_pradesh/gorakhpur/uttar_pradesh_gorakhpur_profile.json,data/ceew/district_data/uttar_pradesh/gorakhpur/uttar_pradesh_gorakhpur_profile.json,data/ceew/district_data/uttar_pradesh/gorakhpur/uttar_pradesh_gorakhpur_metadata_config.json,data/ceew/district_data/uttar_pradesh/gorakhpur/uttar_pradesh_gorakhpur_metadata_config.json,False
251,Uttar Pradesh,Siddharthnagar,uttar_pradesh,siddharthnagar,UTTAR PRADESH,SIDDHARTHNAGAR,uttar_pradesh,siddharthnagar,data/ceew/district_data/uttar_pradesh/siddharthnagar/uttar_pradesh_siddharthnagar_profile.json,data/ceew/district_data/uttar_pradesh/siddharthnagar/uttar_pradesh_siddharthnagar_profile.json,data/ceew/district_data/uttar_pradesh/siddharthnagar/uttar_pradesh_siddharthnagar_metadata_config.json,data/ceew/district_data/uttar_pradesh/siddharthnagar/uttar_pradesh_siddharthnagar_metadata_config.json,False
252,Uttar Pradesh,Pilibhit,uttar_pradesh,pilibhit,UTTAR PRADESH,PILIBHIT,uttar_pradesh,pilibhit,data/ceew/district_data/uttar_pradesh/pilibhit/uttar_pradesh_pilibhit_profile.json,data/ceew/district_data/uttar_pradesh/pilibhit/uttar_pradesh_pilibhit_profile.json,data/ceew/district_data/uttar_pradesh/pilibhit/uttar_pradesh_pilibhit_metadata_config.json,data/ceew/district_data/uttar_pradesh/pilibhit/uttar_pradesh_pilibhit_metadata_config.json,False
253,Uttar Pradesh,Deoria,uttar_pradesh,deoria,UTTAR PRADESH,DEORIA,uttar_pradesh,deoria,data/ceew/district_data/uttar_pradesh/deoria/uttar_pradesh_deoria_profile.json,data/ceew/district_data/uttar_pradesh/deoria/uttar_pradesh_deoria_profile.json,data/ceew/district_data/uttar_pradesh/deoria/uttar_pradesh_deoria_metadata_config.json,data/ceew/district_data/uttar_pradesh/deoria/uttar_pradesh_deoria_metadata_config.json,False
254,Uttar Pradesh,Basti,uttar_pradesh,basti,UTTAR PRADESH,BASTI,uttar_pradesh,basti,data/ceew/district_data/uttar_pradesh/basti/uttar_pradesh_basti_profile.json,data/ceew/district_data/uttar_pradesh/basti/uttar_pradesh_basti_profile.json,data/ceew/district_data/uttar_pradesh/basti/uttar_pradesh_basti_metadata_config.json,data/ceew/district_data/uttar_pradesh/basti/uttar_pradesh_basti_metadata_config.json,False
255,Uttar Pradesh,Saharanpur,uttar_pradesh,saharanpur,UTTAR PRADESH,SAHARANPUR,uttar_pradesh,saharanpur,data/ceew/district_data/uttar_pradesh/saharanpur/uttar_pradesh_saharanpur_profile.json,data/ceew/district_data/uttar_pradesh/saharanpur/uttar_pradesh_saharanpur_profile.json,data/ceew/district_data/uttar_pradesh/saharanpur/uttar_pradesh_saharanpur_metadata_config.json,data/ceew/district_data/uttar_pradesh/saharanpur/uttar_pradesh_saharanpur_metadata_config.json,False
256,Uttar Pradesh,Etawah,uttar_pradesh,etawah,UTTAR PRADESH,ETAWAH,uttar_pradesh,etawah,data/ceew/district_data/uttar_pradesh/etawah/uttar_pradesh_etawah_profile.json,data/ceew/district_data/uttar_pradesh/etawah/uttar_pradesh_etawah_profile.json,data/ceew/district_data/uttar_pradesh/etawah/uttar_pradesh_etawah_metadata_config.json,data/ceew/district_data/uttar_pradesh/etawah/uttar_pradesh_etawah_metadata_config.json,False
257,Uttar Pradesh,Shrawasti,uttar_pradesh,shrawasti,UTTAR PRADESH,SHRAWASTI,uttar_pradesh,shrawasti,data/ceew/district_data/uttar_pradesh/shrawasti/uttar_pradesh_shrawasti_profile.json,data/ceew/district_data/uttar_pradesh/shrawasti/uttar_pradesh_shrawasti_profile.json,data/ceew/district_data/uttar_pradesh/shrawasti/uttar_pradesh_shrawasti_metadata_config.json,data/ceew/district_data/uttar_pradesh/shrawasti/uttar_pradesh_shrawasti_metadata_config.json,False
258,Uttar Pradesh,Mainpuri,uttar_pradesh,mainpuri,UTTAR PRADESH,MAINPURI,uttar_pradesh,mainpuri,data/ceew/district_data/uttar_pradesh/mainpuri/uttar_pradesh_mainpuri_profile.json,data/ceew/district_data/uttar_pradesh/mainpuri/uttar_pradesh_mainpuri_profile.json,data/ceew/district_data/uttar_pradesh/mainpuri/uttar_pradesh_mainpuri_metadata_config.json,data/ceew/district_data/uttar_pradesh/mainpuri/uttar_pradesh_mainpuri_metadata_config.json,False
259,Uttar Pradesh,Unnao,uttar_pradesh,unnao,UTTAR PRADESH,UNNAO,uttar_pradesh,unnao,data/ceew/district_data/uttar_pradesh/unnao/uttar_pradesh_unnao_profile.json,data/ceew/district_data/uttar_pradesh/unnao/uttar_pradesh_unnao_profile.json,data/ceew/district_data/uttar_pradesh/unnao/uttar_pradesh_unnao_metadata_config.json,data/ceew/district_data/uttar_pradesh/unnao/uttar_pradesh_unnao_metadata_config.json,False
260,Uttar Pradesh,Ayodhya,uttar_pradesh,ayodhya,UTTAR PRADESH,AYODHYA,uttar_pradesh,ayodhya,data/ceew/district_data/uttar_pradesh/ayodhya/uttar_pradesh_ayodhya_profile.json,data/ceew/district_data/uttar_pradesh/ayodhya/uttar_pradesh_ayodhya_profile.json,data/ceew/district_data/uttar_pradesh/ayodhya/uttar_pradesh_ayodhya_metadata_config.json,data/ceew/district_data/uttar_pradesh/ayodhya/uttar_pradesh_ayodhya_metadata_config.json,False
261,Uttar Pradesh,Moradabad,uttar_pradesh,moradabad,UTTAR PRADESH,MORADABAD,uttar_pradesh,moradabad,data/ceew/district_data/uttar_pradesh/moradabad/uttar_pradesh_moradabad_profile.json,data/ceew/district_data/uttar_pradesh/moradabad/uttar_pradesh_moradabad_profile.json,data/ceew/district_data/uttar_pradesh/moradabad/uttar_pradesh_moradabad_metadata_config.json,data/ceew/district_data/uttar_pradesh/moradabad/uttar_pradesh_moradabad_metadata_config.json,False
262,Uttar Pradesh,Rampur,uttar_pradesh,rampur,UTTAR PRADESH,RAMPUR,uttar_pradesh,rampur,data/ceew/district_data/uttar_pradesh/rampur/uttar_pradesh_rampur_profile.json,data/ceew/district_data/uttar_pradesh/rampur/uttar_pradesh_rampur_profile.json,data/ceew/district_data/uttar_pradesh/rampur/uttar_pradesh_rampur_metadata_config.json,data/ceew/district_data/uttar_pradesh/rampur/uttar_pradesh_rampur_metadata_config.json,False
263,Uttar Pradesh,Hardoi,uttar_pradesh,hardoi,UTTAR PRADESH,HARDOI,uttar_pradesh,hardoi,data/ceew/district_data/uttar_pradesh/hardoi/uttar_pradesh_hardoi_profile.json,data/ceew/district_data/uttar_pradesh/hardoi/uttar_pradesh_hardoi_profile.json,data/ceew/district_data/uttar_pradesh/hardoi/uttar_pradesh_hardoi_metadata_config.json,data/ceew/district_data/uttar_pradesh/hardoi/uttar_pradesh_hardoi_metadata_config.json,False
264,UTTAR PRADESH,KANPUR,uttar_pradesh,kanpur,UTTAR PRADESH,KANPUR,uttar_pradesh,kanpur,data/ceew/district_data/uttar_pradesh/kanpur/uttar_pradesh_kanpur_profile.json,data/ceew/district_data/uttar_pradesh/kanpur/uttar_pradesh_kanpur_profile.json,data/ceew/district_data/uttar_pradesh/kanpur/uttar_pradesh_kanpur_metadata_config.json,data/ceew/district_data/uttar_pradesh/kanpur/uttar_pradesh_kanpur_metadata_config.json,False
265,Uttar Pradesh,Fatehpur,uttar_pradesh,fatehpur,UTTAR PRADESH,FATEHPUR,uttar_pradesh,fatehpur,data/ceew/district_data/uttar_pradesh/fatehpur/uttar_pradesh_fatehpur_profile.json,data/ceew/district_data/uttar_pradesh/fatehpur/uttar_pradesh_fatehpur_profile.json,data/ceew/district_data/uttar_pradesh/fatehpur/uttar_pradesh_fatehpur_metadata_config.json,data/ceew/district_data/uttar_pradesh/fatehpur/uttar_pradesh_fatehpur_metadata_config.json,False
266,Uttar Pradesh,Sitapur,uttar_pradesh,sitapur,UTTAR PRADESH,SITAPUR,uttar_pradesh,sitapur,data/ceew/district_data/uttar_pradesh/sitapur/uttar_pradesh_sitapur_profile.json,data/ceew/district_data/uttar_pradesh/sitapur/uttar_pradesh_sitapur_profile.json,data/ceew/district_data/uttar_pradesh/sitapur/uttar_pradesh_sitapur_metadata_config.json,data/ceew/district_data/uttar_pradesh/sitapur/uttar_pradesh_sitapur_metadata_config.json,False
267,Uttar Pradesh,Muzaffarnagar,uttar_pradesh,muzaffarnagar,UTTAR PRADESH,MUZAFFARNAGAR,uttar_pradesh,muzaffarnagar,data/ceew/district_data/uttar_pradesh/muzaffarnagar/uttar_pradesh_muzaffarnagar_profile.json,data/ceew/district_data/uttar_pradesh/muzaffarnagar/uttar_pradesh_muzaffarnagar_profile.json,data/ceew/district_data/uttar_pradesh/muzaffarnagar/uttar_pradesh_muzaffarnagar_metadata_config.json,data/ceew/district_data/uttar_pradesh/muzaffarnagar/uttar_pradesh_muzaffarnagar_metadata_config.json,False
268,Uttar Pradesh,Kaushambi,uttar_pradesh,kaushambi,UTTAR PRADESH,KAUSHAMBI,uttar_pradesh,kaushambi,data/ceew/district_data/uttar_pradesh/kaushambi/uttar_pradesh_kaushambi_profile.json,data/ceew/district_data/uttar_pradesh/kaushambi/uttar_pradesh_kaushambi_profile.json,data/ceew/district_data/uttar_pradesh/kaushambi/uttar_pradesh_kaushambi_metadata_config.json,data/ceew/district_data/uttar_pradesh/kaushambi/uttar_pradesh_kaushambi_metadata_config.json,False
269,Uttar Pradesh,Chandauli,uttar_pradesh,chandauli,UTTAR PRADESH,CHANDAULI,uttar_pradesh,chandauli,data/ceew/district_data/uttar_pradesh/chandauli/uttar_pradesh_chandauli_profile.json,data/ceew/district_data/uttar_pradesh/chandauli/uttar_pradesh_chandauli_profile.json,data/ceew/district_data/uttar_pradesh/chandauli/uttar_pradesh_chandauli_metadata_config.json,data/ceew/district_data/uttar_pradesh/chandauli/uttar_pradesh_chandauli_metadata_config.json,False
270,Uttar Pradesh,Mahoba,uttar_pradesh,mahoba,UTTAR PRADESH,MAHOBA,uttar_pradesh,mahoba,data/ceew/district_data/uttar_pradesh/mahoba/uttar_pradesh_mahoba_profile.json,data/ceew/district_data/uttar_pradesh/mahoba/uttar_pradesh_mahoba_profile.json,data/ceew/district_data/uttar_pradesh/mahoba/uttar_pradesh_mahoba_metadata_config.json,data/ceew/district_data/uttar_pradesh/mahoba/uttar_pradesh_mahoba_metadata_config.json,False
271,Uttar Pradesh,Mathura,uttar_pradesh,mathura,UTTAR PRADESH,MATHURA,uttar_pradesh,mathura,data/ceew/district_data/uttar_pradesh/mathura/uttar_pradesh_mathura_profile.json,data/ceew/district_data/uttar_pradesh/mathura/uttar_pradesh_mathura_profile.json,data/ceew/district_data/uttar_pradesh/mathura/uttar_pradesh_mathura_metadata_config.json,data/ceew/district_data/uttar_pradesh/mathura/uttar_pradesh_mathura_metadata_config.json,False
272,Uttar Pradesh,Kannauj,uttar_pradesh,kannauj,UTTAR PRADESH,KANNAUJ,uttar_pradesh,kannauj,data/ceew/district_data/uttar_pradesh/kannauj/uttar_pradesh_kannauj_profile.json,data/ceew/district_data/uttar_pradesh/kannauj/uttar_pradesh_kannauj_profile.json,data/ceew/district_data/uttar_pradesh/kannauj/uttar_pradesh_kannauj_metadata_config.json,data/ceew/district_data/uttar_pradesh/kannauj/uttar_pradesh_kannauj_metadata_config.json,False
273,Uttar Pradesh,Mirzapur,uttar_pradesh,mirzapur,UTTAR PRADESH,MIRZAPUR,uttar_pradesh,mirzapur,data/ceew/district_data/uttar_pradesh/mirzapur/uttar_pradesh_mirzapur_profile.json,data/ceew/district_data/uttar_pradesh/mirzapur/uttar_pradesh_mirzapur_profile.json,data/ceew/district_data/uttar_pradesh/mirzapur/uttar_pradesh_mirzapur_metadata_config.json,data/ceew/district_data/uttar_pradesh/mirzapur/uttar_pradesh_mirzapur_metadata_config.json,False
274,Uttar Pradesh,Gonda,uttar_pradesh,gonda,UTTAR PRADESH,GONDA,uttar_pradesh,gonda,data/ceew/district_data/uttar_pradesh/gonda/uttar_pradesh_gonda_profile.json,data/ceew/district_data/uttar_pradesh/gonda/uttar_pradesh_gonda_profile.json,data/ceew/district_data/uttar_pradesh/gonda/uttar_pradesh_gonda_metadata_config.json,data/ceew/district_data/uttar_pradesh/gonda/uttar_pradesh_gonda_metadata_config.json,False
275,Uttar Pradesh,Gautambudhnagar,uttar_pradesh,gautambudhnagar,UTTAR PRADESH,GAUTAMBUDHNAGAR,uttar_pradesh,gautambudhnagar,data/ceew/district_data/uttar_pradesh/gautambudhnagar/uttar_pradesh_gautambudhnagar_profile.json,data/ceew/district_data/uttar_pradesh/gautambudhnagar/uttar_pradesh_gautambudhnagar_profile.json,data/ceew/district_data/uttar_pradesh/gautambudhnagar/uttar_pradesh_gautambudhnagar_metadata_config.json,data/ceew/district_data/uttar_pradesh/gautambudhnagar/uttar_pradesh_gautambudhnagar_metadata_config.json,False
276,Uttar Pradesh,Raibeareli,uttar_pradesh,raibeareli,UTTAR PRADESH,RAIBEARELI,uttar_pradesh,raibeareli,data/ceew/district_data/uttar_pradesh/raibeareli/uttar_pradesh_raibeareli_profile.json,data/ceew/district_data/uttar_pradesh/raibeareli/uttar_pradesh_raibeareli_profile.json,data/ceew/district_data/uttar_pradesh/raibeareli/uttar_pradesh_raibeareli_metadata_config.json,data/ceew/district_data/uttar_pradesh/raibeareli/uttar_pradesh_raibeareli_metadata_config.json,False
277,Uttar Pradesh,Kheri,uttar_pradesh,kheri,UTTAR PRADESH,KHERI,uttar_pradesh,kheri,data/ceew/district_data/uttar_pradesh/kheri/uttar_pradesh_kheri_profile.json,data/ceew/district_data/uttar_pradesh/kheri/uttar_pradesh_kheri_profile.json,data/ceew/district_data/uttar_pradesh/kheri/uttar_pradesh_kheri_metadata_config.json,data/ceew/district_data/uttar_pradesh/kheri/uttar_pradesh_kheri_metadata_config.json,False
278,Uttar Pradesh,Sonbhadra,uttar_pradesh,sonbhadra,UTTAR PRADESH,SONBHADRA,uttar_pradesh,sonbhadra,data/ceew/district_data/uttar_pradesh/sonbhadra/uttar_pradesh_sonbhadra_profile.json,data/ceew/district_data/uttar_pradesh/sonbhadra/uttar_pradesh_sonbhadra_profile.json,data/ceew/district_data/uttar_pradesh/sonbhadra/uttar_pradesh_sonbhadra_metadata_config.json,data/ceew/district_data/uttar_pradesh/sonbhadra/uttar_pradesh_sonbhadra_metadata_config.json,False
279,Uttar Pradesh,Barabanki,uttar_pradesh,barabanki,UTTAR PRADESH,BARABANKI,uttar_pradesh,barabanki,data/ceew/district_data/uttar_pradesh/barabanki/uttar_pradesh_barabanki_profile.json,data/ceew/district_data/uttar_pradesh/barabanki/uttar_pradesh_barabanki_profile.json,data/ceew/district_data/uttar_pradesh/barabanki/uttar_pradesh_barabanki_metadata_config.json,data/ceew/district_data/uttar_pradesh/barabanki/uttar_pradesh_barabanki_metadata_config.json,False
280,Uttar Pradesh,Firozabad,uttar_pradesh,firozabad,UTTAR PRADESH,FIROZABAD,uttar_pradesh,firozabad,data/ceew/district_data/uttar_pradesh/firozabad/uttar_pradesh_firozabad_profile.json,data/ceew/district_data/uttar_pradesh/firozabad/uttar_pradesh_firozabad_profile.json,data/ceew/district_data/uttar_pradesh/firozabad/uttar_pradesh_firozabad_metadata_config.json,data/ceew/district_data/uttar_pradesh/firozabad/uttar_pradesh_firozabad_metadata_config.json,False
281,Uttar Pradesh,Jhansi,uttar_pradesh,jhansi,UTTAR PRADESH,JHANSI,uttar_pradesh,jhansi,data/ceew/district_data/uttar_pradesh/jhansi/uttar_pradesh_jhansi_profile.json,data/ceew/district_data/uttar_pradesh/jhansi/uttar_pradesh_jhansi_profile.json,data/ceew/district_data/uttar_pradesh/jhansi/uttar_pradesh_jhansi_metadata_config.json,data/ceew/district_data/uttar_pradesh/jhansi/uttar_pradesh_jhansi_metadata_config.json,False
282,Uttar Pradesh,Hapur,uttar_pradesh,hapur,UTTAR PRADESH,HAPUR,uttar_pradesh,hapur,data/ceew/district_data/uttar_pradesh/hapur/uttar_pradesh_hapur_profile.json,data/ceew/district_data/uttar_pradesh/hapur/uttar_pradesh_hapur_profile.json,data/ceew/district_data/uttar_pradesh/hapur/uttar_pradesh_hapur_metadata_config.json,data/ceew/district_data/uttar_pradesh/hapur/uttar_pradesh_hapur_metadata_config.json,False
283,Uttar Pradesh,Gazipur,uttar_pradesh,gazipur,UTTAR PRADESH,GAZIPUR,uttar_pradesh,gazipur,data/ceew/district_data/uttar_pradesh/gazipur/uttar_pradesh_gazipur_profile.json,data/ceew/district_data/uttar_pradesh/gazipur/uttar_pradesh_gazipur_profile.json,data/ceew/district_data/uttar_pradesh/gazipur/uttar_pradesh_gazipur_metadata_config.json,data/ceew/district_data/uttar_pradesh/gazipur/uttar_pradesh_gazipur_metadata_config.json,False
284,Uttar Pradesh,Santkabirnagar,uttar_pradesh,santkabirnagar,UTTAR PRADESH,SANTKABIRNAGAR,uttar_pradesh,santkabirnagar,data/ceew/district_data/uttar_pradesh/santkabirnagar/uttar_pradesh_santkabirnagar_profile.json,data/ceew/district_data/uttar_pradesh/santkabirnagar/uttar_pradesh_santkabirnagar_profile.json,data/ceew/district_data/uttar_pradesh/santkabirnagar/uttar_pradesh_santkabirnagar_metadata_config.json,data/ceew/district_data/uttar_pradesh/santkabirnagar/uttar_pradesh_santkabirnagar_metadata_config.json,False
285,Uttar Pradesh,Ghaziabad,uttar_pradesh,ghaziabad,UTTAR PRADESH,GHAZIABAD,uttar_pradesh,ghaziabad,data/ceew/district_data/uttar_pradesh/ghaziabad/uttar_pradesh_ghaziabad_profile.json,data/ceew/district_data/uttar_pradesh/ghaziabad/uttar_pradesh_ghaziabad_profile.json,data/ceew/district_data/uttar_pradesh/ghaziabad/uttar_pradesh_ghaziabad_metadata_config.json,data/ceew/district_data/uttar_pradesh/ghaziabad/uttar_pradesh_ghaziabad_metadata_config.json,False
286,Uttar Pradesh,Mau,uttar_pradesh,mau,UTTAR PRADESH,MAU,uttar_pradesh,mau,data/ceew/district_data/uttar_pradesh/mau/uttar_pradesh_mau_profile.json,data/ceew/district_data/uttar_pradesh/mau/uttar_pradesh_mau_profile.json,data/ceew/district_data/uttar_pradesh/mau/uttar_pradesh_mau_metadata_config.json,data/ceew/district_data/uttar_pradesh/mau/uttar_pradesh_mau_metadata_config.json,False
287,Uttar Pradesh,Hamirpur,uttar_pradesh,hamirpur,UTTAR PRADESH,HAMIRPUR,uttar_pradesh,hamirpur,data/ceew/district_data/uttar_pradesh/hamirpur/uttar_pradesh_hamirpur_profile.json,data/ceew/district_data/uttar_pradesh/hamirpur/uttar_pradesh_hamirpur_profile.json,data/ceew/district_data/uttar_pradesh/hamirpur/uttar_pradesh_hamirpur_metadata_config.json,data/ceew/district_data/uttar_pradesh/hamirpur/uttar_pradesh_hamirpur_metadata_config.json,False
288,Uttar Pradesh,Kushinagar,uttar_pradesh,kushinagar,UTTAR PRADESH,KUSHINAGAR,uttar_pradesh,kushinagar,data/ceew/district_data/uttar_pradesh/kushinagar/uttar_pradesh_kushinagar_profile.json,data/ceew/district_data/uttar_pradesh/kushinagar/uttar_pradesh_kushinagar_profile.json,data/ceew/district_data/uttar_pradesh/kushinagar/uttar_pradesh_kushinagar_metadata_config.json,data/ceew/district_data/uttar_pradesh/kushinagar/uttar_pradesh_kushinagar_metadata_config.json,False
289,Uttar Pradesh,Hathras,uttar_pradesh,hathras,UTTAR PRADESH,HATHRAS,uttar_pradesh,hathras,data/ceew/district_data/uttar_pradesh/hathras/uttar_pradesh_hathras_profile.json,data/ceew/district_data/uttar_pradesh/hathras/uttar_pradesh_hathras_profile.json,data/ceew/district_data/uttar_pradesh/hathras/uttar_pradesh_hathras_metadata_config.json,data/ceew/district_data/uttar_pradesh/hathras/uttar_pradesh_hathras_metadata_config.json,False
290,Uttar Pradesh,Sultanpur,uttar_pradesh,sultanpur,UTTAR PRADESH,SULTANPUR,uttar_pradesh,sultanpur,data/ceew/district_data/uttar_pradesh/sultanpur/uttar_pradesh_sultanpur_profile.json,data/ceew/district_data/uttar_pradesh/sultanpur/uttar_pradesh_sultanpur_profile.json,data/ceew/district_data/uttar_pradesh/sultanpur/uttar_pradesh_sultanpur_metadata_config.json,data/ceew/district_data/uttar_pradesh/sultanpur/uttar_pradesh_sultanpur_metadata_config.json,False
291,Uttar Pradesh,Shahjahanpur,uttar_pradesh,shahjahanpur,UTTAR PRADESH,SHAHJAHANPUR,uttar_pradesh,shahjahanpur,data/ceew/district_data/uttar_pradesh/shahjahanpur/uttar_pradesh_shahjahanpur_profile.json,data/ceew/district_data/uttar_pradesh/shahjahanpur/uttar_pradesh_shahjahanpur_profile.json,data/ceew/district_data/uttar_pradesh/shahjahanpur/uttar_pradesh_shahjahanpur_metadata_config.json,data/ceew/district_data/uttar_pradesh/shahjahanpur/uttar_pradesh_shahjahanpur_metadata_config.json,False
292,Uttar Pradesh,Jalaun,uttar_pradesh,jalaun,UTTAR PRADESH,JALAUN,uttar_pradesh,jalaun,data/ceew/district_data/uttar_pradesh/jalaun/uttar_pradesh_jalaun_profile.json,data/ceew/district_data/uttar_pradesh/jalaun/uttar_pradesh_jalaun_profile.json,data/ceew/district_data/uttar_pradesh/jalaun/uttar_pradesh_jalaun_metadata_config.json,data/ceew/district_data/uttar_pradesh/jalaun/uttar_pradesh_jalaun_metadata_config.json,False
293,Uttar Pradesh,Shamli,uttar_pradesh,shamli,UTTAR PRADESH,SHAMLI,uttar_pradesh,shamli,data/ceew/district_data/uttar_pradesh/shamli/uttar_pradesh_shamli_profile.json,data/ceew/district_data/uttar_pradesh/shamli/uttar_pradesh_shamli_profile.json,data/ceew/district_data/uttar_pradesh/shamli/uttar_pradesh_shamli_metadata_config.json,data/ceew/district_data/uttar_pradesh/shamli/uttar_pradesh_shamli_metadata_config.json,False
294,Uttar Pradesh,Chitrakoot,uttar_pradesh,chitrakoot,UTTAR PRADESH,CHITRAKOOT,uttar_pradesh,chitrakoot,data/ceew/district_data/uttar_pradesh/chitrakoot/uttar_pradesh_chitrakoot_profile.json,data/ceew/district_data/uttar_pradesh/chitrakoot/uttar_pradesh_chitrakoot_profile.json,data/ceew/district_data/uttar_pradesh/chitrakoot/uttar_pradesh_chitrakoot_metadata_config.json,data/ceew/district_data/uttar_pradesh/chitrakoot/uttar_pradesh_chitrakoot_metadata_config.json,False
295,Uttar Pradesh,Kasganj,uttar_pradesh,kasganj,UTTAR PRADESH,KASGANJ,uttar_pradesh,kasganj,data/ceew/district_data/uttar_pradesh/kasganj/uttar_pradesh_kasganj_profile.json,data/ceew/district_data/uttar_pradesh/kasganj/uttar_pradesh_kasganj_profile.json,data/ceew/district_data/uttar_pradesh/kasganj/uttar_pradesh_kasganj_metadata_config.json,data/ceew/district_data/uttar_pradesh/kasganj/uttar_pradesh_kasganj_metadata_config.json,False
296,Uttar Pradesh,Lalitpur,uttar_pradesh,lalitpur,UTTAR PRADESH,LALITPUR,uttar_pradesh,lalitpur,data/ceew/district_data/uttar_pradesh/lalitpur/uttar_pradesh_lalitpur_profile.json,data/ceew/district_data/uttar_pradesh/lalitpur/uttar_pradesh_lalitpur_profile.json,data/ceew/district_data/uttar_pradesh/lalitpur/uttar_pradesh_lalitpur_metadata_config.json,data/ceew/district_data/uttar_pradesh/lalitpur/uttar_pradesh_lalitpur_metadata_config.json,False
297,Uttar Pradesh,Pratapgarh,uttar_pradesh,pratapgarh,UTTAR PRADESH,PRATAPGARH,uttar_pradesh,pratapgarh,data/ceew/district_data/uttar_pradesh/pratapgarh/uttar_pradesh_pratapgarh_profile.json,data/ceew/district_data/uttar_pradesh/pratapgarh/uttar_pradesh_pratapgarh_profile.json,data/ceew/district_data/uttar_pradesh/pratapgarh/uttar_pradesh_pratapgarh_metadata_config.json,data/ceew/district_data/uttar_pradesh/pratapgarh/uttar_pradesh_pratapgarh_metadata_config.json,False
298,Uttar Pradesh,Maharajganj,uttar_pradesh,maharajganj,UTTAR PRADESH,MAHARAJGANJ,uttar_pradesh,maharajganj,data/ceew/district_data/uttar_pradesh/maharajganj/uttar_pradesh_maharajganj_profile.json,data/ceew/district_data/uttar_pradesh/maharajganj/uttar_pradesh_maharajganj_profile.json,data/ceew/district_data/uttar_pradesh/maharajganj/uttar_pradesh_maharajganj_metadata_config.json,data/ceew/district_data/uttar_pradesh/maharajganj/uttar_pradesh_maharajganj_metadata_config.json,False
299,Uttar Pradesh,Meerut,uttar_pradesh,meerut,UTTAR PRADESH,MEERUT,uttar_pradesh,meerut,data/ceew/district_data/uttar_pradesh/meerut/uttar_pradesh_meerut_profile.json,data/ceew/district_data/uttar_pradesh/meerut/uttar_pradesh_meerut_profile.json,data/ceew/district_data/uttar_pradesh/meerut/uttar_pradesh_meerut_metadata_config.json,data/ceew/district_data/uttar_pradesh/meerut/uttar_pradesh_meerut_metadata_config.json,False
300,Uttar Pradesh,Varanasi,uttar_pradesh,varanasi,UTTAR PRADESH,VARANASI,uttar_pradesh,varanasi,data/ceew/district_data/uttar_pradesh/varanasi/uttar_pradesh_varanasi_profile.json,data/ceew/district_data/uttar_pradesh/varanasi/uttar_pradesh_varanasi_profile.json,data/ceew/district_data/uttar_pradesh/varanasi/uttar_pradesh_varanasi_metadata_config.json,data/ceew/district_data/uttar_pradesh/varanasi/uttar_pradesh_varanasi_metadata_config.json,False
301,Uttarakhand,Almora,uttarakhand,almora,UTTARAKHAND,ALMORA,uttarakhand,almora,data/ceew/district_data/uttarakhand/almora/uttarakhand_almora_profile.json,data/ceew/district_data/uttarakhand/almora/uttarakhand_almora_profile.json,data/ceew/district_data/uttarakhand/almora/uttarakhand_almora_metadata_config.json,data/ceew/district_data/uttarakhand/almora/uttarakhand_almora_metadata_config.json,False
302,Uttarakhand,Bageshwar,uttarakhand,bageshwar,UTTARAKHAND,BAGESHWAR,uttarakhand,bageshwar,data/ceew/district_data/uttarakhand/bageshwar/uttarakhand_bageshwar_profile.json,data/ceew/district_data/uttarakhand/bageshwar/uttarakhand_bageshwar_profile.json,data/ceew/district_data/uttarakhand/bageshwar/uttarakhand_bageshwar_metadata_config.json,data/ceew/district_data/uttarakhand/bageshwar/uttarakhand_bageshwar_metadata_config.json,False
303,Uttarakhand,Champawat,uttarakhand,champawat,UTTARAKHAND,CHAMPAWAT,uttarakhand,champawat,data/ceew/district_data/uttarakhand/champawat/uttarakhand_champawat_profile.json,data/ceew/district_data/uttarakhand/champawat/uttarakhand_champawat_profile.json,data/ceew/district_data/uttarakhand/champawat/uttarakhand_champawat_metadata_config.json,data/ceew/district_data/uttarakhand/champawat/uttarakhand_champawat_metadata_config.json,False
304,UTTARAKHAND,UTTAR KASHI,uttarakhand,uttar_kashi,UTTARAKHAND,UTTARKASHI,uttarakhand,uttarkashi,data/ceew/district_data/uttarakhand/uttar_kashi/uttarakhand_uttar_kashi_profile.json,data/ceew/district_data/uttarakhand/uttarkashi/uttarakhand_uttarkashi_profile.json,data/ceew/district_data/uttarakhand/uttar_kashi/uttarakhand_uttar_kashi_metadata_config.json,data/ceew/district_data/uttarakhand/uttarkashi/uttarakhand_uttarkashi_metadata_config.json,True
305,Uttarakhand,Udham Singh Nagar,uttarakhand,udham_singh_nagar,UTTARAKHAND,UDHAM SINGH NAGAR,uttarakhand,udham_singh_nagar,data/ceew/district_data/uttarakhand/udham_singh_nagar/uttarakhand_udham_singh_nagar_profile.json,data/ceew/district_data/uttarakhand/udham_singh_nagar/uttarakhand_udham_singh_nagar_profile.json,data/ceew/district_data/uttarakhand/udham_singh_nagar/uttarakhand_udham_singh_nagar_metadata_config.json,data/ceew/district_data/uttarakhand/udham_singh_nagar/uttarakhand_udham_singh_nagar_metadata_config.json,False
306,Uttarakhand,Pithoragarh,uttarakhand,pithoragarh,UTTARAKHAND,PITHORAGARH,uttarakhand,pithoragarh,data/ceew/district_data/uttarakhand/pithoragarh/uttarakhand_pithoragarh_profile.json,data/ceew/district_data/uttarakhand/pithoragarh/uttarakhand_pithoragarh_profile.json,data/ceew/district_data/uttarakhand/pithoragarh/uttarakhand_pithoragarh_metadata_config.json,data/ceew/district_data/uttarakhand/pithoragarh/uttarakhand_pithoragarh_metadata_config.json,False
307,Uttarakhand,Nainital,uttarakhand,nainital,UTTARAKHAND,NAINITAL,uttarakhand,nainital,data/ceew/district_data/uttarakhand/nainital/uttarakhand_nainital_profile.json,data/ceew/district_data/uttarakhand/nainital/uttarakhand_nainital_profile.json,data/ceew/district_data/uttarakhand/nainital/uttarakhand_nainital_metadata_config.json,data/ceew/district_data/uttarakhand/nainital/uttarakhand_nainital_metadata_config.json,False
308,Uttarakhand,Dehradun,uttarakhand,dehradun,UTTARAKHAND,DEHRADUN,uttarakhand,dehradun,data/ceew/district_data/uttarakhand/dehradun/uttarakhand_dehradun_profile.json,data/ceew/district_data/uttarakhand/dehradun/uttarakhand_dehradun_profile.json,data/ceew/district_data/uttarakhand/dehradun/uttarakhand_dehradun_metadata_config.json,data/ceew/district_data/uttarakhand/dehradun/uttarakhand_dehradun_metadata_config.json,False
309,Uttarakhand,Chamoli,uttarakhand,chamoli,UTTARAKHAND,CHAMOLI,uttarakhand,chamoli,data/ceew/district_data/uttarakhand/chamoli/uttarakhand_chamoli_profile.json,data/ceew/district_data/uttarakhand/chamoli/uttarakhand_chamoli_profile.json,data/ceew/district_data/uttarakhand/chamoli/uttarakhand_chamoli_metadata_config.json,data/ceew/district_data/uttarakhand/chamoli/uttarakhand_chamoli_metadata_config.json,False
310,Uttarakhand,Pauri Garhwal,uttarakhand,pauri_garhwal,UTTARAKHAND,PAURI GARHWAL,uttarakhand,pauri_garhwal,data/ceew/district_data/uttarakhand/pauri_garhwal/uttarakhand_pauri_garhwal_profile.json,data/ceew/district_data/uttarakhand/pauri_garhwal/uttarakhand_pauri_garhwal_profile.json,data/ceew/district_data/uttarakhand/pauri_garhwal/uttarakhand_pauri_garhwal_metadata_config.json,data/ceew/district_data/uttarakhand/pauri_garhwal/uttarakhand_pauri_garhwal_metadata_config.json,False
311,Uttarakhand,Tehri Garhwal,uttarakhand,tehri_garhwal,UTTARAKHAND,TEHRI GARHWAL,uttarakhand,tehri_garhwal,data/ceew/district_data/uttarakhand/tehri_garhwal/uttarakhand_tehri_garhwal_profile.json,data/ceew/district_data/uttarakhand/tehri_garhwal/uttarakhand_tehri_garhwal_profile.json,data/ceew/district_data/uttarakhand/tehri_garhwal/uttarakhand_tehri_garhwal_metadata_config.json,data/ceew/district_data/uttarakhand/tehri_garhwal/uttarakhand_tehri_garhwal_metadata_config.json,False
312,Uttarakhand,Haridwar,uttarakhand,haridwar,UTTARAKHAND,HARIDWAR,uttarakhand,haridwar,data/ceew/district_data/uttarakhand/haridwar/uttarakhand_haridwar_profile.json,data/ceew/district_data/uttarakhand/haridwar/uttarakhand_haridwar_profile.json,data/ceew/district_data/uttarakhand/haridwar/uttarakhand_haridwar_metadata_config.json,data/ceew/district_data/uttarakhand/haridwar/uttarakhand_haridwar_metadata_config.json,False
313,Uttarakhand,Rudraprayag,uttarakhand,rudraprayag,UTTARAKHAND,RUDRAPRAYAG,uttarakhand,rudraprayag,data/ceew/district_data/uttarakhand/rudraprayag/uttarakhand_rudraprayag_profile.json,data/ceew/district_data/uttarakhand/rudraprayag/uttarakhand_rudraprayag_profile.json,data/ceew/district_data/uttarakhand/rudraprayag/uttarakhand_rudraprayag_metadata_config.json,data/ceew/district_data/uttarakhand/rudraprayag/uttarakhand_rudraprayag_metadata_config.json,False
314,Rajasthan,Udaipur,rajasthan,udaipur,RAJASTHAN,UDAIPUR,rajasthan,udaipur,data/ceew/district_data/rajasthan/udaipur/rajasthan_udaipur_profile.json,data/ceew/district_data/rajasthan/udaipur/rajasthan_udaipur_profile.json,data/ceew/district_data/rajasthan/udaipur/rajasthan_udaipur_metadata_config.json,data/ceew/district_data/rajasthan/udaipur/rajasthan_udaipur_metadata_config.json,False
316,Rajasthan,Jhunjhunun,rajasthan,jhunjhunun,RAJASTHAN,JHUNJHUNUN,rajasthan,jhunjhunun,data/ceew/district_data/rajasthan/jhunjhunun/rajasthan_jhunjhunun_profile.json,data/ceew/district_data/rajasthan/jhunjhunun/rajasthan_jhunjhunun_profile.json,data/ceew/district_data/rajasthan/jhunjhunun/rajasthan_jhunjhunun_metadata_config.json,data/ceew/district_data/rajasthan/jhunjhunun/rajasthan_jhunjhunun_metadata_config.json,False
317,Rajasthan,Alwar,rajasthan,alwar,RAJASTHAN,ALWAR,rajasthan,alwar,data/ceew/district_data/rajasthan/alwar/rajasthan_alwar_profile.json,data/ceew/district_data/rajasthan/alwar/rajasthan_alwar_profile.json,data/ceew/district_data/rajasthan/alwar/rajasthan_alwar_metadata_config.json,data/ceew/district_data/rajasthan/alwar/rajasthan_alwar_metadata_config.json,False
318,Rajasthan,Ajmer,rajasthan,ajmer,RAJASTHAN,AJMER,rajasthan,ajmer,data/ceew/district_data/rajasthan/ajmer/rajasthan_ajmer_profile.json,data/ceew/district_data/rajasthan/ajmer/rajasthan_ajmer_profile.json,data/ceew/district_data/rajasthan/ajmer/rajasthan_ajmer_metadata_config.json,data/ceew/district_data/rajasthan/ajmer/rajasthan_ajmer_metadata_config.json,False
319,Rajasthan,Dausa,rajasthan,dausa,RAJASTHAN,DAUSA,rajasthan,dausa,data/ceew/district_data/rajasthan/dausa/rajasthan_dausa_profile.json,data/ceew/district_data/rajasthan/dausa/rajasthan_dausa_profile.json,data/ceew/district_data/rajasthan/dausa/rajasthan_dausa_metadata_config.json,data/ceew/district_data/rajasthan/dausa/rajasthan_dausa_metadata_config.json,False
320,Rajasthan,Dungarpur,rajasthan,dungarpur,RAJASTHAN,DUNGARPUR,rajasthan,dungarpur,data/ceew/district_data/rajasthan/dungarpur/rajasthan_dungarpur_profile.json,data/ceew/district_data/rajasthan/dungarpur/rajasthan_dungarpur_profile.json,data/ceew/district_data/rajasthan/dungarpur/rajasthan_dungarpur_metadata_config.json,data/ceew/district_data/rajasthan/dungarpur/rajasthan_dungarpur_metadata_config.json,False
321,Rajasthan,Banswara,rajasthan,banswara,RAJASTHAN,BANSWARA,rajasthan,banswara,data/ceew/district_data/rajasthan/banswara/rajasthan_banswara_profile.json,data/ceew/district_data/rajasthan/banswara/rajasthan_banswara_profile.json,data/ceew/district_data/rajasthan/banswara/rajasthan_banswara_metadata_config.json,data/ceew/district_data/rajasthan/banswara/rajasthan_banswara_metadata_config.json,False
322,Rajasthan,Chittaurgarh,rajasthan,chittaurgarh,RAJASTHAN,CHITTAURGARH,rajasthan,chittaurgarh,data/ceew/district_data/rajasthan/chittaurgarh/rajasthan_chittaurgarh_profile.json,data/ceew/district_data/rajasthan/chittaurgarh/rajasthan_chittaurgarh_profile.json,data/ceew/district_data/rajasthan/chittaurgarh/rajasthan_chittaurgarh_metadata_config.json,data/ceew/district_data/rajasthan/chittaurgarh/rajasthan_chittaurgarh_metadata_config.json,False
323,Rajasthan,Bhilwara,rajasthan,bhilwara,RAJASTHAN,BHILWARA,rajasthan,bhilwara,data/ceew/district_data/rajasthan/bhilwara/rajasthan_bhilwara_profile.json,data/ceew/district_data/rajasthan/bhilwara/rajasthan_bhilwara_profile.json,data/ceew/district_data/rajasthan/bhilwara/rajasthan_bhilwara_metadata_config.json,data/ceew/district_data/rajasthan/bhilwara/rajasthan_bhilwara_metadata_config.json,False
324,Rajasthan,Raj Samand,rajasthan,raj_samand,RAJASTHAN,RAJ SAMAND,rajasthan,raj_samand,data/ceew/district_data/rajasthan/raj_samand/rajasthan_raj_samand_profile.json,data/ceew/district_data/rajasthan/raj_samand/rajasthan_raj_samand_profile.json,data/ceew/district_data/rajasthan/raj_samand/rajasthan_raj_samand_metadata_config.json,data/ceew/district_data/rajasthan/raj_samand/rajasthan_raj_samand_metadata_config.json,False
325,Rajasthan,Bharatpur,rajasthan,bharatpur,RAJASTHAN,BHARATPUR,rajasthan,bharatpur,data/ceew/district_data/rajasthan/bharatpur/rajasthan_bharatpur_profile.json,data/ceew/district_data/rajasthan/bharatpur/rajasthan_bharatpur_profile.json,data/ceew/district_data/rajasthan/bharatpur/rajasthan_bharatpur_metadata_config.json,data/ceew/district_data/rajasthan/bharatpur/rajasthan_bharatpur_metadata_config.json,False
326,Rajasthan,Jaipur,rajasthan,jaipur,RAJASTHAN,JAIPUR,rajasthan,jaipur,data/ceew/district_data/rajasthan/jaipur/rajasthan_jaipur_profile.json,data/ceew/district_data/rajasthan/jaipur/rajasthan_jaipur_profile.json,data/ceew/district_data/rajasthan/jaipur/rajasthan_jaipur_metadata_config.json,data/ceew/district_data/rajasthan/jaipur/rajasthan_jaipur_metadata_config.json,False
327,Rajasthan,Jhalawar,rajasthan,jhalawar,RAJASTHAN,JHALAWAR,rajasthan,jhalawar,data/ceew/district_data/rajasthan/jhalawar/rajasthan_jhalawar_profile.json,data/ceew/district_data/rajasthan/jhalawar/rajasthan_jhalawar_profile.json,data/ceew/district_data/rajasthan/jhalawar/rajasthan_jhalawar_metadata_config.json,data/ceew/district_data/rajasthan/jhalawar/rajasthan_jhalawar_metadata_config.json,False
328,Rajasthan,Sawai Madhopur,rajasthan,sawai_madhopur,RAJASTHAN,SAWAI MADHOPUR,rajasthan,sawai_madhopur,data/ceew/district_data/rajasthan/sawai_madhopur/rajasthan_sawai_madhopur_profile.json,data/ceew/district_data/rajasthan/sawai_madhopur/rajasthan_sawai_madhopur_profile.json,data/ceew/district_data/rajasthan/sawai_madhopur/rajasthan_sawai_madhopur_metadata_config.json,data/ceew/district_data/rajasthan/sawai_madhopur/rajasthan_sawai_madhopur_metadata_config.json,False
329,Rajasthan,Dhaulpur,rajasthan,dhaulpur,RAJASTHAN,DHAULPUR,rajasthan,dhaulpur,data/ceew/district_data/rajasthan/dhaulpur/rajasthan_dhaulpur_profile.json,data/ceew/district_data/rajasthan/dhaulpur/rajasthan_dhaulpur_profile.json,data/ceew/district_data/rajasthan/dhaulpur/rajasthan_dhaulpur_metadata_config.json,data/ceew/district_data/rajasthan/dhaulpur/rajasthan_dhaulpur_metadata_config.json,False
330,Rajasthan,Churu,rajasthan,churu,RAJASTHAN,CHURU,rajasthan,churu,data/ceew/district_data/rajasthan/churu/rajasthan_churu_profile.json,data/ceew/district_data/rajasthan/churu/rajasthan_churu_profile.json,data/ceew/district_data/rajasthan/churu/rajasthan_churu_metadata_config.json,data/ceew/district_data/rajasthan/churu/rajasthan_churu_metadata_config.json,False
331,Rajasthan,Baran,rajasthan,baran,RAJASTHAN,BARAN,rajasthan,baran,data/ceew/district_data/rajasthan/baran/rajasthan_baran_profile.json,data/ceew/district_data/rajasthan/baran/rajasthan_baran_profile.json,data/ceew/district_data/rajasthan/baran/rajasthan_baran_metadata_config.json,data/ceew/district_data/rajasthan/baran/rajasthan_baran_metadata_config.json,False
332,Rajasthan,Kota,rajasthan,kota,RAJASTHAN,KOTA,rajasthan,kota,data/ceew/district_data/rajasthan/kota/rajasthan_kota_profile.json,data/ceew/district_data/rajasthan/kota/rajasthan_kota_profile.json,data/ceew/district_data/rajasthan/kota/rajasthan_kota_metadata_config.json,data/ceew/district_data/rajasthan/kota/rajasthan_kota_metadata_config.json,False
333,Rajasthan,Sikar,rajasthan,sikar,RAJASTHAN,SIKAR,rajasthan,sikar,data/ceew/district_data/rajasthan/sikar/rajasthan_sikar_profile.json,data/ceew/district_data/rajasthan/sikar/rajasthan_sikar_profile.json,data/ceew/district_data/rajasthan/sikar/rajasthan_sikar_metadata_config.json,data/ceew/district_data/rajasthan/sikar/rajasthan_sikar_metadata_config.json,False
334,Rajasthan,Karauli,rajasthan,karauli,RAJASTHAN,KARAULI,rajasthan,karauli,data/ceew/district_data/rajasthan/karauli/rajasthan_karauli_profile.json,data/ceew/district_data/rajasthan/karauli/rajasthan_karauli_profile.json,data/ceew/district_data/rajasthan/karauli/rajasthan_karauli_metadata_config.json,data/ceew/district_data/rajasthan/karauli/rajasthan_karauli_metadata_config.json,False
335,Rajasthan,Nagaur,rajasthan,nagaur,RAJASTHAN,NAGAUR,rajasthan,nagaur,data/ceew/district_data/rajasthan/nagaur/rajasthan_nagaur_profile.json,data/ceew/district_data/rajasthan/nagaur/rajasthan_nagaur_profile.json,data/ceew/district_data/rajasthan/nagaur/rajasthan_nagaur_metadata_config.json,data/ceew/district_data/rajasthan/nagaur/rajasthan_nagaur_metadata_config.json,False
336,Rajasthan,Tonk,rajasthan,tonk,RAJASTHAN,TONK,rajasthan,tonk,data/ceew/district_data/rajasthan/tonk/rajasthan_tonk_profile.json,data/ceew/district_data/rajasthan/tonk/rajasthan_tonk_profile.json,data/ceew/district_data/rajasthan/tonk/rajasthan_tonk_metadata_config.json,data/ceew/district_data/rajasthan/tonk/rajasthan_tonk_metadata_config.json,False
337,Rajasthan,Jalor,rajasthan,jalor,RAJASTHAN,JALOR,rajasthan,jalor,data/ceew/district_data/rajasthan/jalor/rajasthan_jalor_profile.json,data/ceew/district_data/rajasthan/jalor/rajasthan_jalor_profile.json,data/ceew/district_data/rajasthan/jalor/rajasthan_jalor_metadata_config.json,data/ceew/district_data/rajasthan/jalor/rajasthan_jalor_metadata_config.json,False
338,Rajasthan,Bundi,rajasthan,bundi,RAJASTHAN,BUNDI,rajasthan,bundi,data/ceew/district_data/rajasthan/bundi/rajasthan_bundi_profile.json,data/ceew/district_data/rajasthan/bundi/rajasthan_bundi_profile.json,data/ceew/district_data/rajasthan/bundi/rajasthan_bundi_metadata_config.json,data/ceew/district_data/rajasthan/bundi/rajasthan_bundi_metadata_config.json,False
339,Rajasthan,Pratapgarh,rajasthan,pratapgarh,RAJASTHAN,PRATAPGARH,rajasthan,pratapgarh,data/ceew/district_data/rajasthan/pratapgarh/rajasthan_pratapgarh_profile.json,data/ceew/district_data/rajasthan/pratapgarh/rajasthan_pratapgarh_profile.json,data/ceew/district_data/rajasthan/pratapgarh/rajasthan_pratapgarh_metadata_config.json,data/ceew/district_data/rajasthan/pratapgarh/rajasthan_pratapgarh_metadata_config.json,False
340,Rajasthan,Hanumangarh,rajasthan,hanumangarh,RAJASTHAN,HANUMANGARH,rajasthan,hanumangarh,data/ceew/district_data/rajasthan/hanumangarh/rajasthan_hanumangarh_profile.json,data/ceew/district_data/rajasthan/hanumangarh/rajasthan_hanumangarh_profile.json,data/ceew/district_data/rajasthan/hanumangarh/rajasthan_hanumangarh_metadata_config.json,data/ceew/district_data/rajasthan/hanumangarh/rajasthan_hanumangarh_metadata_config.json,False
341,Rajasthan,Jodhpur,rajasthan,jodhpur,RAJASTHAN,JODHPUR,rajasthan,jodhpur,data/ceew/district_data/rajasthan/jodhpur/rajasthan_jodhpur_profile.json,data/ceew/district_data/rajasthan/jodhpur/rajasthan_jodhpur_profile.json,data/ceew/district_data/rajasthan/jodhpur/rajasthan_jodhpur_metadata_config.json,data/ceew/district_data/rajasthan/jodhpur/rajasthan_jodhpur_metadata_config.json,False
342,Rajasthan,Ganganagar,rajasthan,ganganagar,RAJASTHAN,GANGANAGAR,rajasthan,ganganagar,data/ceew/district_data/rajasthan/ganganagar/rajasthan_ganganagar_profile.json,data/ceew/district_data/rajasthan/ganganagar/rajasthan_ganganagar_profile.json,data/ceew/district_data/rajasthan/ganganagar/rajasthan_ganganagar_metadata_config.json,data/ceew/district_data/rajasthan/ganganagar/rajasthan_ganganagar_metadata_config.json,False
343,Rajasthan,Pali,rajasthan,pali,RAJASTHAN,PALI,rajasthan,pali,data/ceew/district_data/rajasthan/pali/rajasthan_pali_profile.json,data/ceew/district_data/rajasthan/pali/rajasthan_pali_profile.json,data/ceew/district_data/rajasthan/pali/rajasthan_pali_metadata_config.json,data/ceew/district_data/rajasthan/pali/rajasthan_pali_metadata_config.json,False
344,Rajasthan,Barmer,rajasthan,barmer,RAJASTHAN,BARMER,rajasthan,barmer,data/ceew/district_data/rajasthan/barmer/rajasthan_barmer_profile.json,data/ceew/district_data/rajasthan/barmer/rajasthan_barmer_profile.json,data/ceew/district_data/rajasthan/barmer/rajasthan_barmer_metadata_config.json,data/ceew/district_data/rajasthan/barmer/rajasthan_barmer_metadata_config.json,False
345,Rajasthan,Sirohi,rajasthan,sirohi,RAJASTHAN,SIROHI,rajasthan,sirohi,data/ceew/district_data/rajasthan/sirohi/rajasthan_sirohi_profile.json,data/ceew/district_data/rajasthan/sirohi/rajasthan_sirohi_profile.json,data/ceew/district_data/rajasthan/sirohi/rajasthan_sirohi_metadata_config.json,data/ceew/district_data/rajasthan/sirohi/rajasthan_sirohi_metadata_config.json,False
346,Rajasthan,Bikaner,rajasthan,bikaner,RAJASTHAN,BIKANER,rajasthan,bikaner,data/ceew/district_data/rajasthan/bikaner/rajasthan_bikaner_profile.json,data/ceew/district_data/rajasthan/bikaner/rajasthan_bikaner_profile.json,data/ceew/district_data/rajasthan/bikaner/rajasthan_bikaner_metadata_config.json,data/ceew/district_data/rajasthan/bikaner/rajasthan_bikaner_metadata_config.json,False
347,Rajasthan,Jaisalmer,rajasthan,jaisalmer,RAJASTHAN,JAISALMER,rajasthan,jaisalmer,data/ceew/district_data/rajasthan/jaisalmer/rajasthan_jaisalmer_profile.json,data/ceew/district_data/rajasthan/jaisalmer/rajasthan_jaisalmer_profile.json,data/ceew/district_data/rajasthan/jaisalmer/rajasthan_jaisalmer_metadata_config.json,data/ceew/district_data/rajasthan/jaisalmer/rajasthan_jaisalmer_metadata_config.json,False
348,Dadra and Nagar Haveli and Daman and Diu,Dadra & Nagar Haveli,dadra_and_nagar_haveli_and_daman_and_diu,dadra_nagar_haveli,DADRA & NAGAR HAVELI & DAMAN & DIU,DADRA & NAGAR HAVELI,dadra_nagar_haveli_daman_diu,dadra_nagar_haveli,data/ceew/district_data/dadra_and_nagar_haveli_and_daman_and_diu/dadra_nagar_haveli/dadra_and_nagar_haveli_and_daman_and_diu_dadra_nagar_haveli_profile.json,data/ceew/district_data/dadra_nagar_haveli_daman_diu/dadra_nagar_haveli/dadra_nagar_haveli_daman_diu_dadra_nagar_haveli_profile.json,data/ceew/district_data/dadra_and_nagar_haveli_and_daman_and_diu/dadra_nagar_haveli/dadra_and_nagar_haveli_and_daman_and_diu_dadra_nagar_haveli_metadata_config.json,data/ceew/district_data/dadra_nagar_haveli_daman_diu/dadra_nagar_haveli/dadra_nagar_haveli_daman_diu_dadra_nagar_haveli_metadata_config.json,True
349,Dadra and Nagar Haveli and Daman and Diu,Daman,dadra_and_nagar_haveli_and_daman_and_diu,daman,DADRA & NAGAR HAVELI & DAMAN & DIU,DAMAN,dadra_nagar_haveli_daman_diu,daman,data/ceew/district_data/dadra_and_nagar_haveli_and_daman_and_diu/daman/dadra_and_nagar_haveli_and_daman_and_diu_daman_profile.json,data/ceew/district_data/dadra_nagar_haveli_daman_diu/daman/dadra_nagar_haveli_daman_diu_daman_profile.json,data/ceew/district_data/dadra_and_nagar_haveli_and_daman_and_diu/daman/dadra_and_nagar_haveli_and_daman_and_diu_daman_metadata_config.json,data/ceew/district_data/dadra_nagar_haveli_daman_diu/daman/dadra_nagar_haveli_daman_diu_daman_metadata_config.json,True
350,Dadra and Nagar Haveli and Daman and Diu,Diu,dadra_and_nagar_haveli_and_daman_and_diu,diu,DADRA & NAGAR HAVELI & DAMAN & DIU,DIU,dadra_nagar_haveli_daman_diu,diu,data/ceew/district_data/dadra_and_nagar_haveli_and_daman_and_diu/diu/dadra_and_nagar_haveli_and_daman_and_diu_diu_profile.json,data/ceew/district_data/dadra_nagar_haveli_daman_diu/diu/dadra_nagar_haveli_daman_diu_diu_profile.json,data/ceew/district_data/dadra_and_nagar_haveli_and_daman_and_diu/diu/dadra_and_nagar_haveli_and_daman_and_diu_diu_metadata_config.json,data/ceew/district_data/dadra_nagar_haveli_daman_diu/diu/dadra_nagar_haveli_daman_diu_diu_metadata_config.json,True
351,Jharkhand,Saraikela-Kharsawan,jharkhand,saraikela_kharsawan,JHARKHAND,SARAIKELA-KHARSAWAN,jharkhand,saraikela_kharsawan,data/ceew/district_data/jharkhand/saraikela_kharsawan/jharkhand_saraikela_kharsawan_profile.json,data/ceew/district_data/jharkhand/saraikela_kharsawan/jharkhand_saraikela_kharsawan_profile.json,data/ceew/district_data/jharkhand/saraikela_kharsawan/jharkhand_saraikela_kharsawan_metadata_config.json,data/ceew/district_data/jharkhand/saraikela_kharsawan/jharkhand_saraikela_kharsawan_metadata_config.json,False
352,Jharkhand,Gumla,jharkhand,gumla,JHARKHAND,GUMLA,jharkhand,gumla,data/ceew/district_data/jharkhand/gumla/jharkhand_gumla_profile.json,data/ceew/district_data/jharkhand/gumla/jharkhand_gumla_profile.json,data/ceew/district_data/jharkhand/gumla/jharkhand_gumla_metadata_config.json,data/ceew/district_data/jharkhand/gumla/jharkhand_gumla_metadata_config.json,False
353,Jharkhand,Pakur,jharkhand,pakur,JHARKHAND,PAKUR,jharkhand,pakur,data/ceew/district_data/jharkhand/pakur/jharkhand_pakur_profile.json,data/ceew/district_data/jharkhand/pakur/jharkhand_pakur_profile.json,data/ceew/district_data/jharkhand/pakur/jharkhand_pakur_metadata_config.json,data/ceew/district_data/jharkhand/pakur/jharkhand_pakur_metadata_config.json,False
354,Jharkhand,West Singhbhum,jharkhand,west_singhbhum,JHARKHAND,WEST SINGHBHUM,jharkhand,west_singhbhum,data/ceew/district_data/jharkhand/west_singhbhum/jharkhand_west_singhbhum_profile.json,data/ceew/district_data/jharkhand/west_singhbhum/jharkhand_west_singhbhum_profile.json,data/ceew/district_data/jharkhand/west_singhbhum/jharkhand_west_singhbhum_metadata_config.json,data/ceew/district_data/jharkhand/west_singhbhum/jharkhand_west_singhbhum_metadata_config.json,False
355,Jharkhand,Ranchi,jharkhand,ranchi,JHARKHAND,RANCHI,jharkhand,ranchi,data/ceew/district_data/jharkhand/ranchi/jharkhand_ranchi_profile.json,data/ceew/district_data/jharkhand/ranchi/jharkhand_ranchi_profile.json,data/ceew/district_data/jharkhand/ranchi/jharkhand_ranchi_metadata_config.json,data/ceew/district_data/jharkhand/ranchi/jharkhand_ranchi_metadata_config.json,False
356,Jharkhand,Dhanbad,jharkhand,dhanbad,JHARKHAND,DHANBAD,jharkhand,dhanbad,data/ceew/district_data/jharkhand/dhanbad/jharkhand_dhanbad_profile.json,data/ceew/district_data/jharkhand/dhanbad/jharkhand_dhanbad_profile.json,data/ceew/district_data/jharkhand/dhanbad/jharkhand_dhanbad_metadata_config.json,data/ceew/district_data/jharkhand/dhanbad/jharkhand_dhanbad_metadata_config.json,False
357,Jharkhand,Giridih,jharkhand,giridih,JHARKHAND,GIRIDIH,jharkhand,giridih,data/ceew/district_data/jharkhand/giridih/jharkhand_giridih_profile.json,data/ceew/district_data/jharkhand/giridih/jharkhand_giridih_profile.json,data/ceew/district_data/jharkhand/giridih/jharkhand_giridih_metadata_config.json,data/ceew/district_data/jharkhand/giridih/jharkhand_giridih_metadata_config.json,False
358,Jharkhand,East Singhbhum,jharkhand,east_singhbhum,JHARKHAND,EAST SINGHBHUM,jharkhand,east_singhbhum,data/ceew/district_data/jharkhand/east_singhbhum/jharkhand_east_singhbhum_profile.json,data/ceew/district_data/jharkhand/east_singhbhum/jharkhand_east_singhbhum_profile.json,data/ceew/district_data/jharkhand/east_singhbhum/jharkhand_east_singhbhum_metadata_config.json,data/ceew/district_data/jharkhand/east_singhbhum/jharkhand_east_singhbhum_metadata_config.json,False
359,Jharkhand,Latehar,jharkhand,latehar,JHARKHAND,LATEHAR,jharkhand,latehar,data/ceew/district_data/jharkhand/latehar/jharkhand_latehar_profile.json,data/ceew/district_data/jharkhand/latehar/jharkhand_latehar_profile.json,data/ceew/district_data/jharkhand/latehar/jharkhand_latehar_metadata_config.json,data/ceew/district_data/jharkhand/latehar/jharkhand_latehar_metadata_config.json,False
360,Jharkhand,Simdega,jharkhand,simdega,JHARKHAND,SIMDEGA,jharkhand,simdega,data/ceew/district_data/jharkhand/simdega/jharkhand_simdega_profile.json,data/ceew/district_data/jharkhand/simdega/jharkhand_simdega_profile.json,data/ceew/district_data/jharkhand/simdega/jharkhand_simdega_metadata_config.json,data/ceew/district_data/jharkhand/simdega/jharkhand_simdega_metadata_config.json,False
361,Jharkhand,Garhwa,jharkhand,garhwa,JHARKHAND,GARHWA,jharkhand,garhwa,data/ceew/district_data/jharkhand/garhwa/jharkhand_garhwa_profile.json,data/ceew/district_data/jharkhand/garhwa/jharkhand_garhwa_profile.json,data/ceew/district_data/jharkhand/garhwa/jharkhand_garhwa_metadata_config.json,data/ceew/district_data/jharkhand/garhwa/jharkhand_garhwa_metadata_config.json,False
362,Jharkhand,Sahibganj,jharkhand,sahibganj,JHARKHAND,SAHIBGANJ,jharkhand,sahibganj,data/ceew/district_data/jharkhand/sahibganj/jharkhand_sahibganj_profile.json,data/ceew/district_data/jharkhand/sahibganj/jharkhand_sahibganj_profile.json,data/ceew/district_data/jharkhand/sahibganj/jharkhand_sahibganj_metadata_config.json,data/ceew/district_data/jharkhand/sahibganj/jharkhand_sahibganj_metadata_config.json,False
363,Jharkhand,Hazaribagh,jharkhand,hazaribagh,JHARKHAND,HAZARIBAGH,jharkhand,hazaribagh,data/ceew/district_data/jharkhand/hazaribagh/jharkhand_hazaribagh_profile.json,data/ceew/district_data/jharkhand/hazaribagh/jharkhand_hazaribagh_profile.json,data/ceew/district_data/jharkhand/hazaribagh/jharkhand_hazaribagh_metadata_config.json,data/ceew/district_data/jharkhand/hazaribagh/jharkhand_hazaribagh_metadata_config.json,False
364,Jharkhand,Godda,jharkhand,godda,JHARKHAND,GODDA,jharkhand,godda,data/ceew/district_data/jharkhand/godda/jharkhand_godda_profile.json,data/ceew/district_data/jharkhand/godda/jharkhand_godda_profile.json,data/ceew/district_data/jharkhand/godda/jharkhand_godda_metadata_config.json,data/ceew/district_data/jharkhand/godda/jharkhand_godda_metadata_config.json,False
365,Jharkhand,Bokaro,jharkhand,bokaro,JHARKHAND,BOKARO,jharkhand,bokaro,data/ceew/district_data/jharkhand/bokaro/jharkhand_bokaro_profile.json,data/ceew/district_data/jharkhand/bokaro/jharkhand_bokaro_profile.json,data/ceew/district_data/jharkhand/bokaro/jharkhand_bokaro_metadata_config.json,data/ceew/district_data/jharkhand/bokaro/jharkhand_bokaro_metadata_config.json,False
366,Jharkhand,Lohardaga,jharkhand,lohardaga,JHARKHAND,LOHARDAGA,jharkhand,lohardaga,data/ceew/district_data/jharkhand/lohardaga/jharkhand_lohardaga_profile.json,data/ceew/district_data/jharkhand/lohardaga/jharkhand_lohardaga_profile.json,data/ceew/district_data/jharkhand/lohardaga/jharkhand_lohardaga_metadata_config.json,data/ceew/district_data/jharkhand/lohardaga/jharkhand_lohardaga_metadata_config.json,False
367,Jharkhand,Palamu,jharkhand,palamu,JHARKHAND,PALAMU,jharkhand,palamu,data/ceew/district_data/jharkhand/palamu/jharkhand_palamu_profile.json,data/ceew/district_data/jharkhand/palamu/jharkhand_palamu_profile.json,data/ceew/district_data/jharkhand/palamu/jharkhand_palamu_metadata_config.json,data/ceew/district_data/jharkhand/palamu/jharkhand_palamu_metadata_config.json,False
368,Jharkhand,Kodarma,jharkhand,kodarma,JHARKHAND,KODARMA,jharkhand,kodarma,data/ceew/district_data/jharkhand/kodarma/jharkhand_kodarma_profile.json,data/ceew/district_data/jharkhand/kodarma/jharkhand_kodarma_profile.json,data/ceew/district_data/jharkhand/kodarma/jharkhand_kodarma_metadata_config.json,data/ceew/district_data/jharkhand/kodarma/jharkhand_kodarma_metadata_config.json,False
369,Jharkhand,Chatra,jharkhand,chatra,JHARKHAND,CHATRA,jharkhand,chatra,data/ceew/district_data/jharkhand/chatra/jharkhand_chatra_profile.json,data/ceew/district_data/jharkhand/chatra/jharkhand_chatra_profile.json,data/ceew/district_data/jharkhand/chatra/jharkhand_chatra_metadata_config.json,data/ceew/district_data/jharkhand/chatra/jharkhand_chatra_metadata_config.json,False
370,Jharkhand,Ramgarh,jharkhand,ramgarh,JHARKHAND,RAMGARH,jharkhand,ramgarh,data/ceew/district_data/jharkhand/ramgarh/jharkhand_ramgarh_profile.json,data/ceew/district_data/jharkhand/ramgarh/jharkhand_ramgarh_profile.json,data/ceew/district_data/jharkhand/ramgarh/jharkhand_ramgarh_metadata_config.json,data/ceew/district_data/jharkhand/ramgarh/jharkhand_ramgarh_metadata_config.json,False
371,Jharkhand,Deoghar,jharkhand,deoghar,JHARKHAND,DEOGHAR,jharkhand,deoghar,data/ceew/district_data/jharkhand/deoghar/jharkhand_deoghar_profile.json,data/ceew/district_data/jharkhand/deoghar/jharkhand_deoghar_profile.json,data/ceew/district_data/jharkhand/deoghar/jharkhand_deoghar_metadata_config.json,data/ceew/district_data/jharkhand/deoghar/jharkhand_deoghar_metadata_config.json,False
372,Jharkhand,Dumka,jharkhand,dumka,JHARKHAND,DUMKA,jharkhand,dumka,data/ceew/district_data/jharkhand/dumka/jharkhand_dumka_profile.json,data/ceew/district_data/jharkhand/dumka/jharkhand_dumka_profile.json,data/ceew/district_data/jharkhand/dumka/jharkhand_dumka_metadata_config.json,data/ceew/district_data/jharkhand/dumka/jharkhand_dumka_metadata_config.json,False
373,Jharkhand,Khunti,jharkhand,khunti,JHARKHAND,KHUNTI,jharkhand,khunti,data/ceew/district_data/jharkhand/khunti/jharkhand_khunti_profile.json,data/ceew/district_data/jharkhand/khunti/jharkhand_khunti_profile.json,data/ceew/district_data/jharkhand/khunti/jharkhand_khunti_metadata_config.json,data/ceew/district_data/jharkhand/khunti/jharkhand_khunti_metadata_config.json,False
374,Jharkhand,Jamtara,jharkhand,jamtara,JHARKHAND,JAMTARA,jharkhand,jamtara,data/ceew/district_data/jharkhand/jamtara/jharkhand_jamtara_profile.json,data/ceew/district_data/jharkhand/jamtara/jharkhand_jamtara_profile.json,data/ceew/district_data/jharkhand/jamtara/jharkhand_jamtara_metadata_config.json,data/ceew/district_data/jharkhand/jamtara/jharkhand_jamtara_metadata_config.json,False
375,Chhattisgarh,Bijapur,chhattisgarh,bijapur,CHHATISGARH,BIJAPUR,chhatisgarh,bijapur,data/ceew/district_data/chhattisgarh/bijapur/chhattisgarh_bijapur_profile.json,data/ceew/district_data/chhatisgarh/bijapur/chhatisgarh_bijapur_profile.json,data/ceew/district_data/chhattisgarh/bijapur/chhattisgarh_bijapur_metadata_config.json,data/ceew/district_data/chhatisgarh/bijapur/chhatisgarh_bijapur_metadata_config.json,True
376,Chhattisgarh,Raipur,chhattisgarh,raipur,CHHATISGARH,RAIPUR,chhatisgarh,raipur,data/ceew/district_data/chhattisgarh/raipur/chhattisgarh_raipur_profile.json,data/ceew/district_data/chhatisgarh/raipur/chhatisgarh_raipur_profile.json,data/ceew/district_data/chhattisgarh/raipur/chhattisgarh_raipur_metadata_config.json,data/ceew/district_data/chhatisgarh/raipur/chhatisgarh_raipur_metadata_config.json,True
377,Chhattisgarh,Janjgir - Champa,chhattisgarh,janjgir_champa,CHHATISGARH,JANJGIR - CHAMPA,chhatisgarh,janjgir_champa,data/ceew/district_data/chhattisgarh/janjgir_champa/chhattisgarh_janjgir_champa_profile.json,data/ceew/district_data/chhatisgarh/janjgir_champa/chhatisgarh_janjgir_champa_profile.json,data/ceew/district_data/chhattisgarh/janjgir_champa/chhattisgarh_janjgir_champa_metadata_config.json,data/ceew/district_data/chhatisgarh/janjgir_champa/chhatisgarh_janjgir_champa_metadata_config.json,True
378,Chhattisgarh,Raj Nandgaon,chhattisgarh,raj_nandgaon,CHHATISGARH,RAJ NANDGAON,chhatisgarh,raj_nandgaon,data/ceew/district_data/chhattisgarh/raj_nandgaon/chhattisgarh_raj_nandgaon_profile.json,data/ceew/district_data/chhatisgarh/raj_nandgaon/chhatisgarh_raj_nandgaon_profile.json,data/ceew/district_data/chhattisgarh/raj_nandgaon/chhattisgarh_raj_nandgaon_metadata_config.json,data/ceew/district_data/chhatisgarh/raj_nandgaon/chhatisgarh_raj_nandgaon_metadata_config.json,True
379,Chhattisgarh,Surguja,chhattisgarh,surguja,CHHATISGARH,SURGUJA,chhatisgarh,surguja,data/ceew/district_data/chhattisgarh/surguja/chhattisgarh_surguja_profile.json,data/ceew/district_data/chhatisgarh/surguja/chhatisgarh_surguja_profile.json,data/ceew/district_data/chhattisgarh/surguja/chhattisgarh_surguja_metadata_config.json,data/ceew/district_data/chhatisgarh/surguja/chhatisgarh_surguja_metadata_config.json,True
380,Chhattisgarh,Uttar Bastar Kanker,chhattisgarh,uttar_bastar_kanker,CHHATISGARH,UTTAR BASTAR KANKER,chhatisgarh,uttar_bastar_kanker,data/ceew/district_data/chhattisgarh/uttar_bastar_kanker/chhattisgarh_uttar_bastar_kanker_profile.json,data/ceew/district_data/chhatisgarh/uttar_bastar_kanker/chhatisgarh_uttar_bastar_kanker_profile.json,data/ceew/district_data/chhattisgarh/uttar_bastar_kanker/chhattisgarh_uttar_bastar_kanker_metadata_config.json,data/ceew/district_data/chhatisgarh/uttar_bastar_kanker/chhatisgarh_uttar_bastar_kanker_metadata_config.json,True
381,Chhattisgarh,Mahasamund,chhattisgarh,mahasamund,CHHATISGARH,MAHASAMUND,chhatisgarh,mahasamund,data/ceew/district_data/chhattisgarh/mahasamund/chhattisgarh_mahasamund_profile.json,data/ceew/district_data/chhatisgarh/mahasamund/chhatisgarh_mahasamund_profile.json,data/ceew/district_data/chhattisgarh/mahasamund/chhattisgarh_mahasamund_metadata_config.json,data/ceew/district_data/chhatisgarh/mahasamund/chhatisgarh_mahasamund_metadata_config.json,True
382,Chhattisgarh,Jashpur,chhattisgarh,jashpur,CHHATISGARH,JASHPUR,chhatisgarh,jashpur,data/ceew/district_data/chhattisgarh/jashpur/chhattisgarh_jashpur_profile.json,data/ceew/district_data/chhatisgarh/jashpur/chhatisgarh_jashpur_profile.json,data/ceew/district_data/chhattisgarh/jashpur/chhattisgarh_jashpur_metadata_config.json,data/ceew/district_data/chhatisgarh/jashpur/chhatisgarh_jashpur_metadata_config.json,True
383,Chhattisgarh,Korea,chhattisgarh,korea,CHHATISGARH,KOREA,chhatisgarh,korea,data/ceew/district_data/chhattisgarh/korea/chhattisgarh_korea_profile.json,data/ceew/district_data/chhatisgarh/korea/chhatisgarh_korea_profile.json,data/ceew/district_data/chhattisgarh/korea/chhattisgarh_korea_metadata_config.json,data/ceew/district_data/chhatisgarh/korea/chhatisgarh_korea_metadata_config.json,True
384,Chhattisgarh,Bastar,chhattisgarh,bastar,CHHATISGARH,BASTAR,chhatisgarh,bastar,data/ceew/district_data/chhattisgarh/bastar/chhattisgarh_bastar_profile.json,data/ceew/district_data/chhatisgarh/bastar/chhatisgarh_bastar_profile.json,data/ceew/district_data/chhattisgarh/bastar/chhattisgarh_bastar_metadata_config.json,data/ceew/district_data/chhatisgarh/bastar/chhatisgarh_bastar_metadata_config.json,True
385,Chhattisgarh,Balod,chhattisgarh,balod,CHHATISGARH,BALOD,chhatisgarh,balod,data/ceew/district_data/chhattisgarh/balod/chhattisgarh_balod_profile.json,data/ceew/district_data/chhatisgarh/balod/chhatisgarh_balod_profile.json,data/ceew/district_data/chhattisgarh/balod/chhattisgarh_balod_metadata_config.json,data/ceew/district_data/chhatisgarh/balod/chhatisgarh_balod_metadata_config.json,True
386,Chhattisgarh,Baloda Bazar,chhattisgarh,baloda_bazar,CHHATISGARH,BALODA BAZAR,chhatisgarh,baloda_bazar,data/ceew/district_data/chhattisgarh/baloda_bazar/chhattisgarh_baloda_bazar_profile.json,data/ceew/district_data/chhatisgarh/baloda_bazar/chhatisgarh_baloda_bazar_profile.json,data/ceew/district_data/chhattisgarh/baloda_bazar/chhattisgarh_baloda_bazar_metadata_config.json,data/ceew/district_data/chhatisgarh/baloda_bazar/chhatisgarh_baloda_bazar_metadata_config.json,True
387,Chhattisgarh,Balrampur,chhattisgarh,balrampur,CHHATISGARH,BALRAMPUR,chhatisgarh,balrampur,data/ceew/district_data/chhattisgarh/balrampur/chhattisgarh_balrampur_profile.json,data/ceew/district_data/chhatisgarh/balrampur/chhatisgarh_balrampur_profile.json,data/ceew/district_data/chhattisgarh/balrampur/chhattisgarh_balrampur_metadata_config.json,data/ceew/district_data/chhatisgarh/balrampur/chhatisgarh_balrampur_metadata_config.json,True
388,Chhattisgarh,Raigarh,chhattisgarh,raigarh,CHHATISGARH,RAIGARH,chhatisgarh,raigarh,data/ceew/district_data/chhattisgarh/raigarh/chhattisgarh_raigarh_profile.json,data/ceew/district_data/chhatisgarh/raigarh/chhatisgarh_raigarh_profile.json,data/ceew/district_data/chhattisgarh/raigarh/chhattisgarh_raigarh_metadata_config.json,data/ceew/district_data/chhatisgarh/raigarh/chhatisgarh_raigarh_metadata_config.json,True
389,Chhattisgarh,Kondagaon,chhattisgarh,kondagaon,CHHATISGARH,KONDAGAON,chhatisgarh,kondagaon,data/ceew/district_data/chhattisgarh/kondagaon/chhattisgarh_kondagaon_profile.json,data/ceew/district_data/chhatisgarh/kondagaon/chhatisgarh_kondagaon_profile.json,data/ceew/district_data/chhattisgarh/kondagaon/chhattisgarh_kondagaon_metadata_config.json,data/ceew/district_data/chhatisgarh/kondagaon/chhatisgarh_kondagaon_metadata_config.json,True
390,Chhattisgarh,Bemetara,chhattisgarh,bemetara,CHHATISGARH,BEMETARA,chhatisgarh,bemetara,data/ceew/district_data/chhattisgarh/bemetara/chhattisgarh_bemetara_profile.json,data/ceew/district_data/chhatisgarh/bemetara/chhatisgarh_bemetara_profile.json,data/ceew/district_data/chhattisgarh/bemetara/chhattisgarh_bemetara_metadata_config.json,data/ceew/district_data/chhatisgarh/bemetara/chhatisgarh_bemetara_metadata_config.json,True
391,Chhattisgarh,Surajpur,chhattisgarh,surajpur,CHHATISGARH,SURAJPUR,chhatisgarh,surajpur,data/ceew/district_data/chhattisgarh/surajpur/chhattisgarh_surajpur_profile.json,data/ceew/district_data/chhatisgarh/surajpur/chhatisgarh_surajpur_profile.json,data/ceew/district_data/chhattisgarh/surajpur/chhattisgarh_surajpur_metadata_config.json,data/ceew/district_data/chhatisgarh/surajpur/chhatisgarh_surajpur_metadata_config.json,True
392,Chhattisgarh,Bilaspur,chhattisgarh,bilaspur,CHHATISGARH,BILAPUR,chhatisgarh,bilapur,data/ceew/district_data/chhattisgarh/bilaspur/chhattisgarh_bilaspur_profile.json,data/ceew/district_data/chhatisgarh/bilapur/chhatisgarh_bilapur_profile.json,data/ceew/district_data/chhattisgarh/bilaspur/chhattisgarh_bilaspur_metadata_config.json,data/ceew/district_data/chhatisgarh/bilapur/chhatisgarh_bilapur_metadata_config.json,True
393,Chhattisgarh,Gariyaband,chhattisgarh,gariyaband,CHHATISGARH,GARIYABAND,chhatisgarh,gariyaband,data/ceew/district_data/chhattisgarh/gariyaband/chhattisgarh_gariyaband_profile.json,data/ceew/district_data/chhatisgarh/gariyaband/chhatisgarh_gariyaband_profile.json,data/ceew/district_data/chhattisgarh/gariyaband/chhattisgarh_gariyaband_metadata_config.json,data/ceew/district_data/chhatisgarh/gariyaband/chhatisgarh_gariyaband_metadata_config.json,True
394,Chhattisgarh,Kabirdham,chhattisgarh,kabirdham,CHHATISGARH,KABIRDHAM,chhatisgarh,kabirdham,data/ceew/district_data/chhattisgarh/kabirdham/chhattisgarh_kabirdham_profile.json,data/ceew/district_data/chhatisgarh/kabirdham/chhatisgarh_kabirdham_profile.json,data/ceew/district_data/chhattisgarh/kabirdham/chhattisgarh_kabirdham_metadata_config.json,data/ceew/district_data/chhatisgarh/kabirdham/chhatisgarh_kabirdham_metadata_config.json,True
395,Chhattisgarh,Sukma,chhattisgarh,sukma,CHHATISGARH,SUKMA,chhatisgarh,sukma,data/ceew/district_data/chhattisgarh/sukma/chhattisgarh_sukma_profile.json,data/ceew/district_data/chhatisgarh/sukma/chhatisgarh_sukma_profile.json,data/ceew/district_data/chhattisgarh/sukma/chhattisgarh_sukma_metadata_config.json,data/ceew/district_data/chhatisgarh/sukma/chhatisgarh_sukma_metadata_config.json,True
396,Chhattisgarh,Dakshin Bastar Dantewada,chhattisgarh,dakshin_bastar_dantewada,CHHATISGARH,DAKSHIN BASTAR DANTEWADA,chhatisgarh,dakshin_bastar_dantewada,data/ceew/district_data/chhattisgarh/dakshin_bastar_dantewada/chhattisgarh_dakshin_bastar_dantewada_profile.json,data/ceew/district_data/chhatisgarh/dakshin_bastar_dantewada/chhatisgarh_dakshin_bastar_dantewada_profile.json,data/ceew/district_data/chhattisgarh/dakshin_bastar_dantewada/chhattisgarh_dakshin_bastar_dantewada_metadata_config.json,data/ceew/district_data/chhatisgarh/dakshin_bastar_dantewada/chhatisgarh_dakshin_bastar_dantewada_metadata_config.json,True
397,Chhattisgarh,Durg,chhattisgarh,durg,CHHATISGARH,DURG,chhatisgarh,durg,data/ceew/district_data/chhattisgarh/durg/chhattisgarh_durg_profile.json,data/ceew/district_data/chhatisgarh/durg/chhatisgarh_durg_profile.json,data/ceew/district_data/chhattisgarh/durg/chhattisgarh_durg_metadata_config.json,data/ceew/district_data/chhatisgarh/durg/chhatisgarh_durg_metadata_config.json,True
398,Chhattisgarh,Dhamtari,chhattisgarh,dhamtari,CHHATISGARH,DHAMTARI,chhatisgarh,dhamtari,data/ceew/district_data/chhattisgarh/dhamtari/chhattisgarh_dhamtari_profile.json,data/ceew/district_data/chhatisgarh/dhamtari/chhatisgarh_dhamtari_profile.json,data/ceew/district_data/chhattisgarh/dhamtari/chhattisgarh_dhamtari_metadata_config.json,data/ceew/district_data/chhatisgarh/dhamtari/chhatisgarh_dhamtari_metadata_config.json,True
399,Chhattisgarh,Korba,chhattisgarh,korba,CHHATISGARH,KORBA,chhatisgarh,korba,data/ceew/district_data/chhattisgarh/korba/chhattisgarh_korba_profile.json,data/ceew/district_data/chhatisgarh/korba/chhatisgarh_korba_profile.json,data/ceew/district_data/chhattisgarh/korba/chhattisgarh_korba_metadata_config.json,data/ceew/district_data/chhatisgarh/korba/chhatisgarh_korba_metadata_config.json,True
400,Chhattisgarh,Mungeli,chhattisgarh,mungeli,CHHATISGARH,MUNGELI,chhatisgarh,mungeli,data/ceew/district_data/chhattisgarh/mungeli/chhattisgarh_mungeli_profile.json,data/ceew/district_data/chhatisgarh/mungeli/chhatisgarh_mungeli_profile.json,data/ceew/district_data/chhattisgarh/mungeli/chhattisgarh_mungeli_metadata_config.json,data/ceew/district_data/chhatisgarh/mungeli/chhatisgarh_mungeli_metadata_config.json,True
401,Chhattisgarh,Gaurela-Pendra-Marwahi,chhattisgarh,gaurela_pendra_marwahi,CHHATISGARH,GAURELA-PENDRA-MARWAHI,chhatisgarh,gaurela_pendra_marwahi,data/ceew/district_data/chhattisgarh/gaurela_pendra_marwahi/chhattisgarh_gaurela_pendra_marwahi_profile.json,data/ceew/district_data/chhatisgarh/gaurela_pendra_marwahi/chhatisgarh_gaurela_pendra_marwahi_profile.json,data/ceew/district_data/chhattisgarh/gaurela_pendra_marwahi/chhattisgarh_gaurela_pendra_marwahi_metadata_config.json,data/ceew/district_data/chhatisgarh/gaurela_pendra_marwahi/chhatisgarh_gaurela_pendra_marwahi_metadata_config.json,True
402,Chhattisgarh,Narainpur,chhattisgarh,narainpur,CHHATISGARH,NARAINPUR,chhatisgarh,narainpur,data/ceew/district_data/chhattisgarh/narainpur/chhattisgarh_narainpur_profile.json,data/ceew/district_data/chhatisgarh/narainpur/chhatisgarh_narainpur_profile.json,data/ceew/district_data/chhattisgarh/narainpur/chhattisgarh_narainpur_metadata_config.json,data/ceew/district_data/chhatisgarh/narainpur/chhatisgarh_narainpur_metadata_config.json,True
403,Madhya Pradesh,Ratlam,madhya_pradesh,ratlam,MADHYA PRADESH,RATLAM,madhya_pradesh,ratlam,data/ceew/district_data/madhya_pradesh/ratlam/madhya_pradesh_ratlam_profile.json,data/ceew/district_data/madhya_pradesh/ratlam/madhya_pradesh_ratlam_profile.json,data/ceew/district_data/madhya_pradesh/ratlam/madhya_pradesh_ratlam_metadata_config.json,data/ceew/district_data/madhya_pradesh/ratlam/madhya_pradesh_ratlam_metadata_config.json,False
404,Madhya Pradesh,Guna,madhya_pradesh,guna,MADHYA PRADESH,GUNA,madhya_pradesh,guna,data/ceew/district_data/madhya_pradesh/guna/madhya_pradesh_guna_profile.json,data/ceew/district_data/madhya_pradesh/guna/madhya_pradesh_guna_profile.json,data/ceew/district_data/madhya_pradesh/guna/madhya_pradesh_guna_metadata_config.json,data/ceew/district_data/madhya_pradesh/guna/madhya_pradesh_guna_metadata_config.json,False
405,Madhya Pradesh,Agar Malwa,madhya_pradesh,agar_malwa,MADHYA PRADESH,AGAR MALWA,madhya_pradesh,agar_malwa,data/ceew/district_data/madhya_pradesh/agar_malwa/madhya_pradesh_agar_malwa_profile.json,data/ceew/district_data/madhya_pradesh/agar_malwa/madhya_pradesh_agar_malwa_profile.json,data/ceew/district_data/madhya_pradesh/agar_malwa/madhya_pradesh_agar_malwa_metadata_config.json,data/ceew/district_data/madhya_pradesh/agar_malwa/madhya_pradesh_agar_malwa_metadata_config.json,False
406,Madhya Pradesh,Panna,madhya_pradesh,panna,MADHYA PRADESH,PANNA,madhya_pradesh,panna,data/ceew/district_data/madhya_pradesh/panna/madhya_pradesh_panna_profile.json,data/ceew/district_data/madhya_pradesh/panna/madhya_pradesh_panna_profile.json,data/ceew/district_data/madhya_pradesh/panna/madhya_pradesh_panna_metadata_config.json,data/ceew/district_data/madhya_pradesh/panna/madhya_pradesh_panna_metadata_config.json,False
407,Madhya Pradesh,Alirajpur,madhya_pradesh,alirajpur,MADHYA PRADESH,ALIRAJPUR,madhya_pradesh,alirajpur,data/ceew/district_data/madhya_pradesh/alirajpur/madhya_pradesh_alirajpur_profile.json,data/ceew/district_data/madhya_pradesh/alirajpur/madhya_pradesh_alirajpur_profile.json,data/ceew/district_data/madhya_pradesh/alirajpur/madhya_pradesh_alirajpur_metadata_config.json,data/ceew/district_data/madhya_pradesh/alirajpur/madhya_pradesh_alirajpur_metadata_config.json,False
409,Madhya Pradesh,Satna,madhya_pradesh,satna,MADHYA PRADESH,SATNA,madhya_pradesh,satna,data/ceew/district_data/madhya_pradesh/satna/madhya_pradesh_satna_profile.json,data/ceew/district_data/madhya_pradesh/satna/madhya_pradesh_satna_profile.json,data/ceew/district_data/madhya_pradesh/satna/madhya_pradesh_satna_metadata_config.json,data/ceew/district_data/madhya_pradesh/satna/madhya_pradesh_satna_metadata_config.json,False
410,Madhya Pradesh,Chhindwara,madhya_pradesh,chhindwara,MADHYA PRADESH,CHHINDWARA,madhya_pradesh,chhindwara,data/ceew/district_data/madhya_pradesh/chhindwara/madhya_pradesh_chhindwara_profile.json,data/ceew/district_data/madhya_pradesh/chhindwara/madhya_pradesh_chhindwara_profile.json,data/ceew/district_data/madhya_pradesh/chhindwara/madhya_pradesh_chhindwara_metadata_config.json,data/ceew/district_data/madhya_pradesh/chhindwara/madhya_pradesh_chhindwara_metadata_config.json,False
411,Madhya Pradesh,Morena,madhya_pradesh,morena,MADHYA PRADESH,MORENA,madhya_pradesh,morena,data/ceew/district_data/madhya_pradesh/morena/madhya_pradesh_morena_profile.json,data/ceew/district_data/madhya_pradesh/morena/madhya_pradesh_morena_profile.json,data/ceew/district_data/madhya_pradesh/morena/madhya_pradesh_morena_metadata_config.json,data/ceew/district_data/madhya_pradesh/morena/madhya_pradesh_morena_metadata_config.json,False
412,Madhya Pradesh,Betul,madhya_pradesh,betul,MADHYA PRADESH,BETUL,madhya_pradesh,betul,data/ceew/district_data/madhya_pradesh/betul/madhya_pradesh_betul_profile.json,data/ceew/district_data/madhya_pradesh/betul/madhya_pradesh_betul_profile.json,data/ceew/district_data/madhya_pradesh/betul/madhya_pradesh_betul_metadata_config.json,data/ceew/district_data/madhya_pradesh/betul/madhya_pradesh_betul_metadata_config.json,False
413,Madhya Pradesh,Anuppur,madhya_pradesh,anuppur,MADHYA PRADESH,ANUPPUR,madhya_pradesh,anuppur,data/ceew/district_data/madhya_pradesh/anuppur/madhya_pradesh_anuppur_profile.json,data/ceew/district_data/madhya_pradesh/anuppur/madhya_pradesh_anuppur_profile.json,data/ceew/district_data/madhya_pradesh/anuppur/madhya_pradesh_anuppur_metadata_config.json,data/ceew/district_data/madhya_pradesh/anuppur/madhya_pradesh_anuppur_metadata_config.json,False
414,Madhya Pradesh,Ashoknagar,madhya_pradesh,ashoknagar,MADHYA PRADESH,ASHOKNAGAR,madhya_pradesh,ashoknagar,data/ceew/district_data/madhya_pradesh/ashoknagar/madhya_pradesh_ashoknagar_profile.json,data/ceew/district_data/madhya_pradesh/ashoknagar/madhya_pradesh_ashoknagar_profile.json,data/ceew/district_data/madhya_pradesh/ashoknagar/madhya_pradesh_ashoknagar_metadata_config.json,data/ceew/district_data/madhya_pradesh/ashoknagar/madhya_pradesh_ashoknagar_metadata_config.json,False
415,Madhya Pradesh,Sehore,madhya_pradesh,sehore,MADHYA PRADESH,SEHORE,madhya_pradesh,sehore,data/ceew/district_data/madhya_pradesh/sehore/madhya_pradesh_sehore_profile.json,data/ceew/district_data/madhya_pradesh/sehore/madhya_pradesh_sehore_profile.json,data/ceew/district_data/madhya_pradesh/sehore/madhya_pradesh_sehore_metadata_config.json,data/ceew/district_data/madhya_pradesh/sehore/madhya_pradesh_sehore_metadata_config.json,False
416,Madhya Pradesh,Bhind,madhya_pradesh,bhind,MADHYA PRADESH,BHIND,madhya_pradesh,bhind,data/ceew/district_data/madhya_pradesh/bhind/madhya_pradesh_bhind_profile.json,data/ceew/district_data/madhya_pradesh/bhind/madhya_pradesh_bhind_profile.json,data/ceew/district_data/madhya_pradesh/bhind/madhya_pradesh_bhind_metadata_config.json,data/ceew/district_data/madhya_pradesh/bhind/madhya_pradesh_bhind_metadata_config.json,False
417,Madhya Pradesh,Sagar,madhya_pradesh,sagar,MADHYA PRADESH,SAGAR,madhya_pradesh,sagar,data/ceew/district_data/madhya_pradesh/sagar/madhya_pradesh_sagar_profile.json,data/ceew/district_data/madhya_pradesh/sagar/madhya_pradesh_sagar_profile.json,data/ceew/district_data/madhya_pradesh/sagar/madhya_pradesh_sagar_metadata_config.json,data/ceew/district_data/madhya_pradesh/sagar/madhya_pradesh_sagar_metadata_config.json,False
418,Madhya Pradesh,Hoshangabad,madhya_pradesh,hoshangabad,MADHYA PRADESH,HOSHANGABAD,madhya_pradesh,hoshangabad,data/ceew/district_data/madhya_pradesh/hoshangabad/madhya_pradesh_hoshangabad_profile.json,data/ceew/district_data/madhya_pradesh/hoshangabad/madhya_pradesh_hoshangabad_profile.json,data/ceew/district_data/madhya_pradesh/hoshangabad/madhya_pradesh_hoshangabad_metadata_config.json,data/ceew/district_data/madhya_pradesh/hoshangabad/madhya_pradesh_hoshangabad_metadata_config.json,False
420,Madhya Pradesh,Balaghat,madhya_pradesh,balaghat,MADHYA PRADESH,BALAGHAT,madhya_pradesh,balaghat,data/ceew/district_data/madhya_pradesh/balaghat/madhya_pradesh_balaghat_profile.json,data/ceew/district_data/madhya_pradesh/balaghat/madhya_pradesh_balaghat_profile.json,data/ceew/district_data/madhya_pradesh/balaghat/madhya_pradesh_balaghat_metadata_config.json,data/ceew/district_data/madhya_pradesh/balaghat/madhya_pradesh_balaghat_metadata_config.json,False
421,Madhya Pradesh,Umaria,madhya_pradesh,umaria,MADHYA PRADESH,UMARIA,madhya_pradesh,umaria,data/ceew/district_data/madhya_pradesh/umaria/madhya_pradesh_umaria_profile.json,data/ceew/district_data/madhya_pradesh/umaria/madhya_pradesh_umaria_profile.json,data/ceew/district_data/madhya_pradesh/umaria/madhya_pradesh_umaria_metadata_config.json,data/ceew/district_data/madhya_pradesh/umaria/madhya_pradesh_umaria_metadata_config.json,False
422,Madhya Pradesh,Vidisha,madhya_pradesh,vidisha,MADHYA PRADESH,VIDISHA,madhya_pradesh,vidisha,data/ceew/district_data/madhya_pradesh/vidisha/madhya_pradesh_vidisha_profile.json,data/ceew/district_data/madhya_pradesh/vidisha/madhya_pradesh_vidisha_profile.json,data/ceew/district_data/madhya_pradesh/vidisha/madhya_pradesh_vidisha_metadata_config.json,data/ceew/district_data/madhya_pradesh/vidisha/madhya_pradesh_vidisha_metadata_config.json,False
423,Madhya Pradesh,Dhar,madhya_pradesh,dhar,MADHYA PRADESH,DHAR,madhya_pradesh,dhar,data/ceew/district_data/madhya_pradesh/dhar/madhya_pradesh_dhar_profile.json,data/ceew/district_data/madhya_pradesh/dhar/madhya_pradesh_dhar_profile.json,data/ceew/district_data/madhya_pradesh/dhar/madhya_pradesh_dhar_metadata_config.json,data/ceew/district_data/madhya_pradesh/dhar/madhya_pradesh_dhar_metadata_config.json,False
424,Madhya Pradesh,Dewas,madhya_pradesh,dewas,MADHYA PRADESH,DEWAS,madhya_pradesh,dewas,data/ceew/district_data/madhya_pradesh/dewas/madhya_pradesh_dewas_profile.json,data/ceew/district_data/madhya_pradesh/dewas/madhya_pradesh_dewas_profile.json,data/ceew/district_data/madhya_pradesh/dewas/madhya_pradesh_dewas_metadata_config.json,data/ceew/district_data/madhya_pradesh/dewas/madhya_pradesh_dewas_metadata_config.json,False
425,Madhya Pradesh,Katni,madhya_pradesh,katni,MADHYA PRADESH,KATNI,madhya_pradesh,katni,data/ceew/district_data/madhya_pradesh/katni/madhya_pradesh_katni_profile.json,data/ceew/district_data/madhya_pradesh/katni/madhya_pradesh_katni_profile.json,data/ceew/district_data/madhya_pradesh/katni/madhya_pradesh_katni_metadata_config.json,data/ceew/district_data/madhya_pradesh/katni/madhya_pradesh_katni_metadata_config.json,False
426,Madhya Pradesh,Tikamgarh,madhya_pradesh,tikamgarh,MADHYA PRADESH,TIKAMGARH,madhya_pradesh,tikamgarh,data/ceew/district_data/madhya_pradesh/tikamgarh/madhya_pradesh_tikamgarh_profile.json,data/ceew/district_data/madhya_pradesh/tikamgarh/madhya_pradesh_tikamgarh_profile.json,data/ceew/district_data/madhya_pradesh/tikamgarh/madhya_pradesh_tikamgarh_metadata_config.json,data/ceew/district_data/madhya_pradesh/tikamgarh/madhya_pradesh_tikamgarh_metadata_config.json,False
427,Madhya Pradesh,Chhatarpur,madhya_pradesh,chhatarpur,MADHYA PRADESH,CHHATARPUR,madhya_pradesh,chhatarpur,data/ceew/district_data/madhya_pradesh/chhatarpur/madhya_pradesh_chhatarpur_profile.json,data/ceew/district_data/madhya_pradesh/chhatarpur/madhya_pradesh_chhatarpur_profile.json,data/ceew/district_data/madhya_pradesh/chhatarpur/madhya_pradesh_chhatarpur_metadata_config.json,data/ceew/district_data/madhya_pradesh/chhatarpur/madhya_pradesh_chhatarpur_metadata_config.json,False
428,Madhya Pradesh,Raisen,madhya_pradesh,raisen,MADHYA PRADESH,RAISEN,madhya_pradesh,raisen,data/ceew/district_data/madhya_pradesh/raisen/madhya_pradesh_raisen_profile.json,data/ceew/district_data/madhya_pradesh/raisen/madhya_pradesh_raisen_profile.json,data/ceew/district_data/madhya_pradesh/raisen/madhya_pradesh_raisen_metadata_config.json,data/ceew/district_data/madhya_pradesh/raisen/madhya_pradesh_raisen_metadata_config.json,False
429,Madhya Pradesh,Seoni,madhya_pradesh,seoni,MADHYA PRADESH,SEONI,madhya_pradesh,seoni,data/ceew/district_data/madhya_pradesh/seoni/madhya_pradesh_seoni_profile.json,data/ceew/district_data/madhya_pradesh/seoni/madhya_pradesh_seoni_profile.json,data/ceew/district_data/madhya_pradesh/seoni/madhya_pradesh_seoni_metadata_config.json,data/ceew/district_data/madhya_pradesh/seoni/madhya_pradesh_seoni_metadata_config.json,False
430,Madhya Pradesh,Ujjain,madhya_pradesh,ujjain,MADHYA PRADESH,UJJAIN,madhya_pradesh,ujjain,data/ceew/district_data/madhya_pradesh/ujjain/madhya_pradesh_ujjain_profile.json,data/ceew/district_data/madhya_pradesh/ujjain/madhya_pradesh_ujjain_profile.json,data/ceew/district_data/madhya_pradesh/ujjain/madhya_pradesh_ujjain_metadata_config.json,data/ceew/district_data/madhya_pradesh/ujjain/madhya_pradesh_ujjain_metadata_config.json,False
431,Madhya Pradesh,Barwani,madhya_pradesh,barwani,MADHYA PRADESH,BARWANI,madhya_pradesh,barwani,data/ceew/district_data/madhya_pradesh/barwani/madhya_pradesh_barwani_profile.json,data/ceew/district_data/madhya_pradesh/barwani/madhya_pradesh_barwani_profile.json,data/ceew/district_data/madhya_pradesh/barwani/madhya_pradesh_barwani_metadata_config.json,data/ceew/district_data/madhya_pradesh/barwani/madhya_pradesh_barwani_metadata_config.json,False
432,Madhya Pradesh,West Nimar,madhya_pradesh,west_nimar,MADHYA PRADESH,WEST NIMAR,madhya_pradesh,west_nimar,data/ceew/district_data/madhya_pradesh/west_nimar/madhya_pradesh_west_nimar_profile.json,data/ceew/district_data/madhya_pradesh/west_nimar/madhya_pradesh_west_nimar_profile.json,data/ceew/district_data/madhya_pradesh/west_nimar/madhya_pradesh_west_nimar_metadata_config.json,data/ceew/district_data/madhya_pradesh/west_nimar/madhya_pradesh_west_nimar_metadata_config.json,False
433,Madhya Pradesh,Damoh,madhya_pradesh,damoh,MADHYA PRADESH,DAMOH,madhya_pradesh,damoh,data/ceew/district_data/madhya_pradesh/damoh/madhya_pradesh_damoh_profile.json,data/ceew/district_data/madhya_pradesh/damoh/madhya_pradesh_damoh_profile.json,data/ceew/district_data/madhya_pradesh/damoh/madhya_pradesh_damoh_metadata_config.json,data/ceew/district_data/madhya_pradesh/damoh/madhya_pradesh_damoh_metadata_config.json,False
434,Madhya Pradesh,Shahdol,madhya_pradesh,shahdol,MADHYA PRADESH,SHAHDOL,madhya_pradesh,shahdol,data/ceew/district_data/madhya_pradesh/shahdol/madhya_pradesh_shahdol_profile.json,data/ceew/district_data/madhya_pradesh/shahdol/madhya_pradesh_shahdol_profile.json,data/ceew/district_data/madhya_pradesh/shahdol/madhya_pradesh_shahdol_metadata_config.json,data/ceew/district_data/madhya_pradesh/shahdol/madhya_pradesh_shahdol_metadata_config.json,False
435,Madhya Pradesh,Bhopal,madhya_pradesh,bhopal,MADHYA PRADESH,BHOPAL,madhya_pradesh,bhopal,data/ceew/district_data/madhya_pradesh/bhopal/madhya_pradesh_bhopal_profile.json,data/ceew/district_data/madhya_pradesh/bhopal/madhya_pradesh_bhopal_profile.json,data/ceew/district_data/madhya_pradesh/bhopal/madhya_pradesh_bhopal_metadata_config.json,data/ceew/district_data/madhya_pradesh/bhopal/madhya_pradesh_bhopal_metadata_config.json,False
436,Madhya Pradesh,Datia,madhya_pradesh,datia,MADHYA PRADESH,DATIA,madhya_pradesh,datia,data/ceew/district_data/madhya_pradesh/datia/madhya_pradesh_datia_profile.json,data/ceew/district_data/madhya_pradesh/datia/madhya_pradesh_datia_profile.json,data/ceew/district_data/madhya_pradesh/datia/madhya_pradesh_datia_metadata_config.json,data/ceew/district_data/madhya_pradesh/datia/madhya_pradesh_datia_metadata_config.json,False
437,Madhya Pradesh,Mandsaur,madhya_pradesh,mandsaur,MADHYA PRADESH,MANDSAUR,madhya_pradesh,mandsaur,data/ceew/district_data/madhya_pradesh/mandsaur/madhya_pradesh_mandsaur_profile.json,data/ceew/district_data/madhya_pradesh/mandsaur/madhya_pradesh_mandsaur_profile.json,data/ceew/district_data/madhya_pradesh/mandsaur/madhya_pradesh_mandsaur_metadata_config.json,data/ceew/district_data/madhya_pradesh/mandsaur/madhya_pradesh_mandsaur_metadata_config.json,False
438,Madhya Pradesh,Gwalior,madhya_pradesh,gwalior,MADHYA PRADESH,GWALIOR,madhya_pradesh,gwalior,data/ceew/district_data/madhya_pradesh/gwalior/madhya_pradesh_gwalior_profile.json,data/ceew/district_data/madhya_pradesh/gwalior/madhya_pradesh_gwalior_profile.json,data/ceew/district_data/madhya_pradesh/gwalior/madhya_pradesh_gwalior_metadata_config.json,data/ceew/district_data/madhya_pradesh/gwalior/madhya_pradesh_gwalior_metadata_config.json,False
439,Madhya Pradesh,Mandla,madhya_pradesh,mandla,MADHYA PRADESH,MANDLA,madhya_pradesh,mandla,data/ceew/district_data/madhya_pradesh/mandla/madhya_pradesh_mandla_profile.json,data/ceew/district_data/madhya_pradesh/mandla/madhya_pradesh_mandla_profile.json,data/ceew/district_data/madhya_pradesh/mandla/madhya_pradesh_mandla_metadata_config.json,data/ceew/district_data/madhya_pradesh/mandla/madhya_pradesh_mandla_metadata_config.json,False
440,Madhya Pradesh,Rajgarh,madhya_pradesh,rajgarh,MADHYA PRADESH,RAJGARH,madhya_pradesh,rajgarh,data/ceew/district_data/madhya_pradesh/rajgarh/madhya_pradesh_rajgarh_profile.json,data/ceew/district_data/madhya_pradesh/rajgarh/madhya_pradesh_rajgarh_profile.json,data/ceew/district_data/madhya_pradesh/rajgarh/madhya_pradesh_rajgarh_metadata_config.json,data/ceew/district_data/madhya_pradesh/rajgarh/madhya_pradesh_rajgarh_metadata_config.json,False
441,Madhya Pradesh,Burhanpur,madhya_pradesh,burhanpur,MADHYA PRADESH,BURHANPUR,madhya_pradesh,burhanpur,data/ceew/district_data/madhya_pradesh/burhanpur/madhya_pradesh_burhanpur_profile.json,data/ceew/district_data/madhya_pradesh/burhanpur/madhya_pradesh_burhanpur_profile.json,data/ceew/district_data/madhya_pradesh/burhanpur/madhya_pradesh_burhanpur_metadata_config.json,data/ceew/district_data/madhya_pradesh/burhanpur/madhya_pradesh_burhanpur_metadata_config.json,False
442,Madhya Pradesh,Singrauli,madhya_pradesh,singrauli,MADHYA PRADESH,SINGRAULI,madhya_pradesh,singrauli,data/ceew/district_data/madhya_pradesh/singrauli/madhya_pradesh_singrauli_profile.json,data/ceew/district_data/madhya_pradesh/singrauli/madhya_pradesh_singrauli_profile.json,data/ceew/district_data/madhya_pradesh/singrauli/madhya_pradesh_singrauli_metadata_config.json,data/ceew/district_data/madhya_pradesh/singrauli/madhya_pradesh_singrauli_metadata_config.json,False
443,Madhya Pradesh,Sidhi,madhya_pradesh,sidhi,MADHYA PRADESH,SIDHI,madhya_pradesh,sidhi,data/ceew/district_data/madhya_pradesh/sidhi/madhya_pradesh_sidhi_profile.json,data/ceew/district_data/madhya_pradesh/sidhi/madhya_pradesh_sidhi_profile.json,data/ceew/district_data/madhya_pradesh/sidhi/madhya_pradesh_sidhi_metadata_config.json,data/ceew/district_data/madhya_pradesh/sidhi/madhya_pradesh_sidhi_metadata_config.json,False
444,Madhya Pradesh,Indore,madhya_pradesh,indore,MADHYA PRADESH,INDORE,madhya_pradesh,indore,data/ceew/district_data/madhya_pradesh/indore/madhya_pradesh_indore_profile.json,data/ceew/district_data/madhya_pradesh/indore/madhya_pradesh_indore_profile.json,data/ceew/district_data/madhya_pradesh/indore/madhya_pradesh_indore_metadata_config.json,data/ceew/district_data/madhya_pradesh/indore/madhya_pradesh_indore_metadata_config.json,False
445,Madhya Pradesh,Dindori,madhya_pradesh,dindori,MADHYA PRADESH,DINDORI,madhya_pradesh,dindori,data/ceew/district_data/madhya_pradesh/dindori/madhya_pradesh_dindori_profile.json,data/ceew/district_data/madhya_pradesh/dindori/madhya_pradesh_dindori_profile.json,data/ceew/district_data/madhya_pradesh/dindori/madhya_pradesh_dindori_metadata_config.json,data/ceew/district_data/madhya_pradesh/dindori/madhya_pradesh_dindori_metadata_config.json,False
446,Madhya Pradesh,Disputed (Ratlam & Mandsaur),madhya_pradesh,disputed_ratlam_mandsaur,MADHYA PRADESH,DISPUTED,madhya_pradesh,disputed,data/ceew/district_data/madhya_pradesh/disputed_ratlam_mandsaur/madhya_pradesh_disputed_ratlam_mandsaur_profile.json,data/ceew/district_data/madhya_pradesh/disputed/madhya_pradesh_disputed_profile.json,data/ceew/district_data/madhya_pradesh/disputed_ratlam_mandsaur/madhya_pradesh_disputed_ratlam_mandsaur_metadata_config.json,data/ceew/district_data/madhya_pradesh/disputed/madhya_pradesh_disputed_metadata_config.json,True
448,Madhya Pradesh,Narshimapura,madhya_pradesh,narshimapura,MADHYA PRADESH,NARSHIMAPURA,madhya_pradesh,narshimapura,data/ceew/district_data/madhya_pradesh/narshimapura/madhya_pradesh_narshimapura_profile.json,data/ceew/district_data/madhya_pradesh/narshimapura/madhya_pradesh_narshimapura_profile.json,data/ceew/district_data/madhya_pradesh/narshimapura/madhya_pradesh_narshimapura_metadata_config.json,data/ceew/district_data/madhya_pradesh/narshimapura/madhya_pradesh_narshimapura_metadata_config.json,False
449,Madhya Pradesh,Shajapur,madhya_pradesh,shajapur,MADHYA PRADESH,SHAJAPUR,madhya_pradesh,shajapur,data/ceew/district_data/madhya_pradesh/shajapur/madhya_pradesh_shajapur_profile.json,data/ceew/district_data/madhya_pradesh/shajapur/madhya_pradesh_shajapur_profile.json,data/ceew/district_data/madhya_pradesh/shajapur/madhya_pradesh_shajapur_metadata_config.json,data/ceew/district_data/madhya_pradesh/shajapur/madhya_pradesh_shajapur_metadata_config.json,False
450,Madhya Pradesh,Rewa,madhya_pradesh,rewa,MADHYA PRADESH,REWA,madhya_pradesh,rewa,data/ceew/district_data/madhya_pradesh/rewa/madhya_pradesh_rewa_profile.json,data/ceew/district_data/madhya_pradesh/rewa/madhya_pradesh_rewa_profile.json,data/ceew/district_data/madhya_pradesh/rewa/madhya_pradesh_rewa_metadata_config.json,data/ceew/district_data/madhya_pradesh/rewa/madhya_pradesh_rewa_metadata_config.json,False
451,Madhya Pradesh,Harda,madhya_pradesh,harda,MADHYA PRADESH,HARDA,madhya_pradesh,harda,data/ceew/district_data/madhya_pradesh/harda/madhya_pradesh_harda_profile.json,data/ceew/district_data/madhya_pradesh/harda/madhya_pradesh_harda_profile.json,data/ceew/district_data/madhya_pradesh/harda/madhya_pradesh_harda_metadata_config.json,data/ceew/district_data/madhya_pradesh/harda/madhya_pradesh_harda_metadata_config.json,False
452,Madhya Pradesh,East Nimar,madhya_pradesh,east_nimar,MADHYA PRADESH,EAST NIMAR,madhya_pradesh,east_nimar,data/ceew/district_data/madhya_pradesh/east_nimar/madhya_pradesh_east_nimar_profile.json,data/ceew/district_data/madhya_pradesh/east_nimar/madhya_pradesh_east_nimar_profile.json,data/ceew/district_data/madhya_pradesh/east_nimar/madhya_pradesh_east_nimar_metadata_config.json,data/ceew/district_data/madhya_pradesh/east_nimar/madhya_pradesh_east_nimar_metadata_config.json,False
453,Madhya Pradesh,Nimach,madhya_pradesh,nimach,MADHYA PRADESH,NIMACH,madhya_pradesh,nimach,data/ceew/district_data/madhya_pradesh/nimach/madhya_pradesh_nimach_profile.json,data/ceew/district_data/madhya_pradesh/nimach/madhya_pradesh_nimach_profile.json,data/ceew/district_data/madhya_pradesh/nimach/madhya_pradesh_nimach_metadata_config.json,data/ceew/district_data/madhya_pradesh/nimach/madhya_pradesh_nimach_metadata_config.json,False
454,Madhya Pradesh,Jabalpur,madhya_pradesh,jabalpur,MADHYA PRADESH,JABALPUR,madhya_pradesh,jabalpur,data/ceew/district_data/madhya_pradesh/jabalpur/madhya_pradesh_jabalpur_profile.json,data/ceew/district_data/madhya_pradesh/jabalpur/madhya_pradesh_jabalpur_profile.json,data/ceew/district_data/madhya_pradesh/jabalpur/madhya_pradesh_jabalpur_metadata_config.json,data/ceew/district_data/madhya_pradesh/jabalpur/madhya_pradesh_jabalpur_metadata_config.json,False
455,Madhya Pradesh,Jhabua,madhya_pradesh,jhabua,MADHYA PRADESH,JHABUA,madhya_pradesh,jhabua,data/ceew/district_data/madhya_pradesh/jhabua/madhya_pradesh_jhabua_profile.json,data/ceew/district_data/madhya_pradesh/jhabua/madhya_pradesh_jhabua_profile.json,data/ceew/district_data/madhya_pradesh/jhabua/madhya_pradesh_jhabua_metadata_config.json,data/ceew/district_data/madhya_pradesh/jhabua/madhya_pradesh_jhabua_metadata_config.json,False
456,Madhya Pradesh,Sheopur,madhya_pradesh,sheopur,MADHYA PRADESH,SHEOPUR,madhya_pradesh,sheopur,data/ceew/district_data/madhya_pradesh/sheopur/madhya_pradesh_sheopur_profile.json,data/ceew/district_data/madhya_pradesh/sheopur/madhya_pradesh_sheopur_profile.json,data/ceew/district_data/madhya_pradesh/sheopur/madhya_pradesh_sheopur_metadata_config.json,data/ceew/district_data/madhya_pradesh/sheopur/madhya_pradesh_sheopur_metadata_config.json,False
457,Madhya Pradesh,Shivpuri,madhya_pradesh,shivpuri,MADHYA PRADESH,SHIVPURI,madhya_pradesh,shivpuri,data/ceew/district_data/madhya_pradesh/shivpuri/madhya_pradesh_shivpuri_profile.json,data/ceew/district_data/madhya_pradesh/shivpuri/madhya_pradesh_shivpuri_profile.json,data/ceew/district_data/madhya_pradesh/shivpuri/madhya_pradesh_shivpuri_metadata_config.json,data/ceew/district_data/madhya_pradesh/shivpuri/madhya_pradesh_shivpuri_metadata_config.json,False
459,Madhya Pradesh,Nivari,madhya_pradesh,nivari,MADHYA PRADESH,NIVARI,madhya_pradesh,nivari,data/ceew/district_data/madhya_pradesh/nivari/madhya_pradesh_nivari_profile.json,data/ceew/district_data/madhya_pradesh/nivari/madhya_pradesh_nivari_profile.json,data/ceew/district_data/madhya_pradesh/nivari/madhya_pradesh_nivari_metadata_config.json,data/ceew/district_data/madhya_pradesh/nivari/madhya_pradesh_nivari_metadata_config.json,False
460,Meghalaya,East Garo Hills,meghalaya,east_garo_hills,MEGHALAYA,EAST GARO HILLS,meghalaya,east_garo_hills,data/ceew/district_data/meghalaya/east_garo_hills/meghalaya_east_garo_hills_profile.json,data/ceew/district_data/meghalaya/east_garo_hills/meghalaya_east_garo_hills_profile.json,data/ceew/district_data/meghalaya/east_garo_hills/meghalaya_east_garo_hills_metadata_config.json,data/ceew/district_data/meghalaya/east_garo_hills/meghalaya_east_garo_hills_metadata_config.json,False
461,Meghalaya,East Jaintia Hills,meghalaya,east_jaintia_hills,MEGHALAYA,EAST JAINTIA HILLS,meghalaya,east_jaintia_hills,data/ceew/district_data/meghalaya/east_jaintia_hills/meghalaya_east_jaintia_hills_profile.json,data/ceew/district_data/meghalaya/east_jaintia_hills/meghalaya_east_jaintia_hills_profile.json,data/ceew/district_data/meghalaya/east_jaintia_hills/meghalaya_east_jaintia_hills_metadata_config.json,data/ceew/district_data/meghalaya/east_jaintia_hills/meghalaya_east_jaintia_hills_metadata_config.json,False
462,Meghalaya,East Khasi Hills,meghalaya,east_khasi_hills,MEGHALAYA,EAST KHASI HILLS,meghalaya,east_khasi_hills,data/ceew/district_data/meghalaya/east_khasi_hills/meghalaya_east_khasi_hills_profile.json,data/ceew/district_data/meghalaya/east_khasi_hills/meghalaya_east_khasi_hills_profile.json,data/ceew/district_data/meghalaya/east_khasi_hills/meghalaya_east_khasi_hills_metadata_config.json,data/ceew/district_data/meghalaya/east_khasi_hills/meghalaya_east_khasi_hills_metadata_config.json,False
463,Meghalaya,North Garo Hills,meghalaya,north_garo_hills,MEGHALAYA,NORTH GARO HILLS,meghalaya,north_garo_hills,data/ceew/district_data/meghalaya/north_garo_hills/meghalaya_north_garo_hills_profile.json,data/ceew/district_data/meghalaya/north_garo_hills/meghalaya_north_garo_hills_profile.json,data/ceew/district_data/meghalaya/north_garo_hills/meghalaya_north_garo_hills_metadata_config.json,data/ceew/district_data/meghalaya/north_garo_hills/meghalaya_north_garo_hills_metadata_config.json,False
464,Meghalaya,Ri-Bhoi,meghalaya,ri_bhoi,MEGHALAYA,RI-BHOI,meghalaya,ri_bhoi,data/ceew/district_data/meghalaya/ri_bhoi/meghalaya_ri_bhoi_profile.json,data/ceew/district_data/meghalaya/ri_bhoi/meghalaya_ri_bhoi_profile.json,data/ceew/district_data/meghalaya/ri_bhoi/meghalaya_ri_bhoi_metadata_config.json,data/ceew/district_data/meghalaya/ri_bhoi/meghalaya_ri_bhoi_metadata_config.json,False
465,Meghalaya,South Garo Hills,meghalaya,south_garo_hills,MEGHALAYA,SOUTH GARO HILLS,meghalaya,south_garo_hills,data/ceew/district_data/meghalaya/south_garo_hills/meghalaya_south_garo_hills_profile.json,data/ceew/district_data/meghalaya/south_garo_hills/meghalaya_south_garo_hills_profile.json,data/ceew/district_data/meghalaya/south_garo_hills/meghalaya_south_garo_hills_metadata_config.json,data/ceew/district_data/meghalaya/south_garo_hills/meghalaya_south_garo_hills_metadata_config.json,False
466,Meghalaya,South West Garo Hills,meghalaya,south_west_garo_hills,MEGHALAYA,SOUTH WEST GARO HILLS,meghalaya,south_west_garo_hills,data/ceew/district_data/meghalaya/south_west_garo_hills/meghalaya_south_west_garo_hills_profile.json,data/ceew/district_data/meghalaya/south_west_garo_hills/meghalaya_south_west_garo_hills_profile.json,data/ceew/district_data/meghalaya/south_west_garo_hills/meghalaya_south_west_garo_hills_metadata_config.json,data/ceew/district_data/meghalaya/south_west_garo_hills/meghalaya_south_west_garo_hills_metadata_config.json,False
467,Meghalaya,South West Khasi Hills,meghalaya,south_west_khasi_hills,MEGHALAYA,SOUTH WEST KHASI HILLS,meghalaya,south_west_khasi_hills,data/ceew/district_data/meghalaya/south_west_khasi_hills/meghalaya_south_west_khasi_hills_profile.json,data/ceew/district_data/meghalaya/south_west_khasi_hills/meghalaya_south_west_khasi_hills_profile.json,data/ceew/district_data/meghalaya/south_west_khasi_hills/meghalaya_south_west_khasi_hills_metadata_config.json,data/ceew/district_data/meghalaya/south_west_khasi_hills/meghalaya_south_west_khasi_hills_metadata_config.json,False
468,Meghalaya,West Garo Hills,meghalaya,west_garo_hills,MEGHALAYA,WEST GARO HILLS,meghalaya,west_garo_hills,data/ceew/district_data/meghalaya/west_garo_hills/meghalaya_west_garo_hills_profile.json,data/ceew/district_data/meghalaya/west_garo_hills/meghalaya_west_garo_hills_profile.json,data/ceew/district_data/meghalaya/west_garo_hills/meghalaya_west_garo_hills_metadata_config.json,data/ceew/district_data/meghalaya/west_garo_hills/meghalaya_west_garo_hills_metadata_config.json,False
469,Meghalaya,West Jaintia Hills,meghalaya,west_jaintia_hills,MEGHALAYA,WEST JAINTIA HILLS,meghalaya,west_jaintia_hills,data/ceew/district_data/meghalaya/west_jaintia_hills/meghalaya_west_jaintia_hills_profile.json,data/ceew/district_data/meghalaya/west_jaintia_hills/meghalaya_west_jaintia_hills_profile.json,data/ceew/district_data/meghalaya/west_jaintia_hills/meghalaya_west_jaintia_hills_metadata_config.json,data/ceew/district_data/meghalaya/west_jaintia_hills/meghalaya_west_jaintia_hills_metadata_config.json,False
470,Meghalaya,West Khasi Hills,meghalaya,west_khasi_hills,MEGHALAYA,WEST KHASI HILLS,meghalaya,west_khasi_hills,data/ceew/district_data/meghalaya/west_khasi_hills/meghalaya_west_khasi_hills_profile.json,data/ceew/district_data/meghalaya/west_khasi_hills/meghalaya_west_khasi_hills_profile.json,data/ceew/district_data/meghalaya/west_khasi_hills/meghalaya_west_khasi_hills_metadata_config.json,data/ceew/district_data/meghalaya/west_khasi_hills/meghalaya_west_khasi_hills_metadata_config.json,False
471,Nagaland,Paren,nagaland,paren,NAGALAND,PAREN,nagaland,paren,data/ceew/district_data/nagaland/paren/nagaland_paren_profile.json,data/ceew/district_data/nagaland/paren/nagaland_paren_profile.json,data/ceew/district_data/nagaland/paren/nagaland_paren_metadata_config.json,data/ceew/district_data/nagaland/paren/nagaland_paren_metadata_config.json,False
472,Nagaland,Phek,nagaland,phek,NAGALAND,PHEK,nagaland,phek,data/ceew/district_data/nagaland/phek/nagaland_phek_profile.json,data/ceew/district_data/nagaland/phek/nagaland_phek_profile.json,data/ceew/district_data/nagaland/phek/nagaland_phek_metadata_config.json,data/ceew/district_data/nagaland/phek/nagaland_phek_metadata_config.json,False
473,Nagaland,Wokha,nagaland,wokha,NAGALAND,WOKHA,nagaland,wokha,data/ceew/district_data/nagaland/wokha/nagaland_wokha_profile.json,data/ceew/district_data/nagaland/wokha/nagaland_wokha_profile.json,data/ceew/district_data/nagaland/wokha/nagaland_wokha_metadata_config.json,data/ceew/district_data/nagaland/wokha/nagaland_wokha_metadata_config.json,False
474,Nagaland,Dimapur,nagaland,dimapur,NAGALAND,DIMAPUR,nagaland,dimapur,data/ceew/district_data/nagaland/dimapur/nagaland_dimapur_profile.json,data/ceew/district_data/nagaland/dimapur/nagaland_dimapur_profile.json,data/ceew/district_data/nagaland/dimapur/nagaland_dimapur_metadata_config.json,data/ceew/district_data/nagaland/dimapur/nagaland_dimapur_metadata_config.json,False
475,Nagaland,Kohima,nagaland,kohima,NAGALAND,KOHIMA,nagaland,kohima,data/ceew/district_data/nagaland/kohima/nagaland_kohima_profile.json,data/ceew/district_data/nagaland/kohima/nagaland_kohima_profile.json,data/ceew/district_data/nagaland/kohima/nagaland_kohima_metadata_config.json,data/ceew/district_data/nagaland/kohima/nagaland_kohima_metadata_config.json,False
476,Nagaland,Kiphire,nagaland,kiphire,NAGALAND,KIPHIRE,nagaland,kiphire,data/ceew/district_data/nagaland/kiphire/nagaland_kiphire_profile.json,data/ceew/district_data/nagaland/kiphire/nagaland_kiphire_profile.json,data/ceew/district_data/nagaland/kiphire/nagaland_kiphire_metadata_config.json,data/ceew/district_data/nagaland/kiphire/nagaland_kiphire_metadata_config.json,False
477,Nagaland,Zunheboto,nagaland,zunheboto,NAGALAND,ZUNHEBOTO,nagaland,zunheboto,data/ceew/district_data/nagaland/zunheboto/nagaland_zunheboto_profile.json,data/ceew/district_data/nagaland/zunheboto/nagaland_zunheboto_profile.json,data/ceew/district_data/nagaland/zunheboto/nagaland_zunheboto_metadata_config.json,data/ceew/district_data/nagaland/zunheboto/nagaland_zunheboto_metadata_config.json,False
478,Nagaland,Mokokchung,nagaland,mokokchung,NAGALAND,MOKOKCHUNG,nagaland,mokokchung,data/ceew/district_data/nagaland/mokokchung/nagaland_mokokchung_profile.json,data/ceew/district_data/nagaland/mokokchung/nagaland_mokokchung_profile.json,data/ceew/district_data/nagaland/mokokchung/nagaland_mokokchung_metadata_config.json,data/ceew/district_data/nagaland/mokokchung/nagaland_mokokchung_metadata_config.json,False
479,Nagaland,Mon,nagaland,mon,NAGALAND,MON,nagaland,mon,data/ceew/district_data/nagaland/mon/nagaland_mon_profile.json,data/ceew/district_data/nagaland/mon/nagaland_mon_profile.json,data/ceew/district_data/nagaland/mon/nagaland_mon_metadata_config.json,data/ceew/district_data/nagaland/mon/nagaland_mon_metadata_config.json,False
480,Nagaland,Tuensang,nagaland,tuensang,NAGALAND,TUENSANG,nagaland,tuensang,data/ceew/district_data/nagaland/tuensang/nagaland_tuensang_profile.json,data/ceew/district_data/nagaland/tuensang/nagaland_tuensang_profile.json,data/ceew/district_data/nagaland/tuensang/nagaland_tuensang_metadata_config.json,data/ceew/district_data/nagaland/tuensang/nagaland_tuensang_metadata_config.json,False
481,Nagaland,Longleng,nagaland,longleng,NAGALAND,LONGLENG,nagaland,longleng,data/ceew/district_data/nagaland/longleng/nagaland_longleng_profile.json,data/ceew/district_data/nagaland/longleng/nagaland_longleng_profile.json,data/ceew/district_data/nagaland/longleng/nagaland_longleng_metadata_config.json,data/ceew/district_data/nagaland/longleng/nagaland_longleng_metadata_config.json,False
482,Tripura,Dhalai,tripura,dhalai,TRIPURA,DHALAI,tripura,dhalai,data/ceew/district_data/tripura/dhalai/tripura_dhalai_profile.json,data/ceew/district_data/tripura/dhalai/tripura_dhalai_profile.json,data/ceew/district_data/tripura/dhalai/tripura_dhalai_metadata_config.json,data/ceew/district_data/tripura/dhalai/tripura_dhalai_metadata_config.json,False
483,Tripura,North Tripura,tripura,north_tripura,TRIPURA,NORTH TRIPURA,tripura,north_tripura,data/ceew/district_data/tripura/north_tripura/tripura_north_tripura_profile.json,data/ceew/district_data/tripura/north_tripura/tripura_north_tripura_profile.json,data/ceew/district_data/tripura/north_tripura/tripura_north_tripura_metadata_config.json,data/ceew/district_data/tripura/north_tripura/tripura_north_tripura_metadata_config.json,False
484,Tripura,Gomati,tripura,gomati,TRIPURA,GOMATI,tripura,gomati,data/ceew/district_data/tripura/gomati/tripura_gomati_profile.json,data/ceew/district_data/tripura/gomati/tripura_gomati_profile.json,data/ceew/district_data/tripura/gomati/tripura_gomati_metadata_config.json,data/ceew/district_data/tripura/gomati/tripura_gomati_metadata_config.json,False
485,Tripura,South Tripura,tripura,south_tripura,TRIPURA,SOUTH TRIPURA,tripura,south_tripura,data/ceew/district_data/tripura/south_tripura/tripura_south_tripura_profile.json,data/ceew/district_data/tripura/south_tripura/tripura_south_tripura_profile.json,data/ceew/district_data/tripura/south_tripura/tripura_south_tripura_metadata_config.json,data/ceew/district_data/tripura/south_tripura/tripura_south_tripura_metadata_config.json,False
486,Tripura,Sepahijala,tripura,sepahijala,TRIPURA,SEPAHIJALA,tripura,sepahijala,data/ceew/district_data/tripura/sepahijala/tripura_sepahijala_profile.json,data/ceew/district_data/tripura/sepahijala/tripura_sepahijala_profile.json,data/ceew/district_data/tripura/sepahijala/tripura_sepahijala_metadata_config.json,data/ceew/district_data/tripura/sepahijala/tripura_sepahijala_metadata_config.json,False
487,Tripura,Unokoti,tripura,unokoti,TRIPURA,UNOKOTI,tripura,unokoti,data/ceew/district_data/tripura/unokoti/tripura_unokoti_profile.json,data/ceew/district_data/tripura/unokoti/tripura_unokoti_profile.json,data/ceew/district_data/tripura/unokoti/tripura_unokoti_metadata_config.json,data/ceew/district_data/tripura/unokoti/tripura_unokoti_metadata_config.json,False
488,Tripura,Khowai,tripura,khowai,TRIPURA,KHOWAI,tripura,khowai,data/ceew/district_data/tripura/khowai/tripura_khowai_profile.json,data/ceew/district_data/tripura/khowai/tripura_khowai_profile.json,data/ceew/district_data/tripura/khowai/tripura_khowai_metadata_config.json,data/ceew/district_data/tripura/khowai/tripura_khowai_metadata_config.json,False
489,Tripura,West Tripura,tripura,west_tripura,TRIPURA,WEST TRIPURA,tripura,west_tripura,data/ceew/district_data/tripura/west_tripura/tripura_west_tripura_profile.json,data/ceew/district_data/tripura/west_tripura/tripura_west_tripura_profile.json,data/ceew/district_data/tripura/west_tripura/tripura_west_tripura_metadata_config.json,data/ceew/district_data/tripura/west_tripura/tripura_west_tripura_metadata_config.json,False
490,Manipur,Ukhrul,manipur,ukhrul,MANIPUR,UKHRUL,manipur,ukhrul,data/ceew/district_data/manipur/ukhrul/manipur_ukhrul_profile.json,data/ceew/district_data/manipur/ukhrul/manipur_ukhrul_profile.json,data/ceew/district_data/manipur/ukhrul/manipur_ukhrul_metadata_config.json,data/ceew/district_data/manipur/ukhrul/manipur_ukhrul_metadata_config.json,False
491,Manipur,Senapati,manipur,senapati,MANIPUR,SENAPATI,manipur,senapati,data/ceew/district_data/manipur/senapati/manipur_senapati_profile.json,data/ceew/district_data/manipur/senapati/manipur_senapati_profile.json,data/ceew/district_data/manipur/senapati/manipur_senapati_metadata_config.json,data/ceew/district_data/manipur/senapati/manipur_senapati_metadata_config.json,False
492,Manipur,Tamenglong,manipur,tamenglong,MANIPUR,TAMENGLONG,manipur,tamenglong,data/ceew/district_data/manipur/tamenglong/manipur_tamenglong_profile.json,data/ceew/district_data/manipur/tamenglong/manipur_tamenglong_profile.json,data/ceew/district_data/manipur/tamenglong/manipur_tamenglong_metadata_config.json,data/ceew/district_data/manipur/tamenglong/manipur_tamenglong_metadata_config.json,False
493,Manipur,Kangpokpi,manipur,kangpokpi,MANIPUR,KANGPOKPI,manipur,kangpokpi,data/ceew/district_data/manipur/kangpokpi/manipur_kangpokpi_profile.json,data/ceew/district_data/manipur/kangpokpi/manipur_kangpokpi_profile.json,data/ceew/district_data/manipur/kangpokpi/manipur_kangpokpi_metadata_config.json,data/ceew/district_data/manipur/kangpokpi/manipur_kangpokpi_metadata_config.json,False
494,Manipur,Kamjong,manipur,kamjong,MANIPUR,KAMJONG,manipur,kamjong,data/ceew/district_data/manipur/kamjong/manipur_kamjong_profile.json,data/ceew/district_data/manipur/kamjong/manipur_kamjong_profile.json,data/ceew/district_data/manipur/kamjong/manipur_kamjong_metadata_config.json,data/ceew/district_data/manipur/kamjong/manipur_kamjong_metadata_config.json,False
495,Manipur,Imphal West,manipur,imphal_west,MANIPUR,IMPHAL WEST,manipur,imphal_west,data/ceew/district_data/manipur/imphal_west/manipur_imphal_west_profile.json,data/ceew/district_data/manipur/imphal_west/manipur_imphal_west_profile.json,data/ceew/district_data/manipur/imphal_west/manipur_imphal_west_metadata_config.json,data/ceew/district_data/manipur/imphal_west/manipur_imphal_west_metadata_config.json,False
496,Manipur,Imphal East,manipur,imphal_east,MANIPUR,IMPHAL EAST,manipur,imphal_east,data/ceew/district_data/manipur/imphal_east/manipur_imphal_east_profile.json,data/ceew/district_data/manipur/imphal_east/manipur_imphal_east_profile.json,data/ceew/district_data/manipur/imphal_east/manipur_imphal_east_metadata_config.json,data/ceew/district_data/manipur/imphal_east/manipur_imphal_east_metadata_config.json,False
497,Manipur,Nonei,manipur,nonei,MANIPUR,NONEI,manipur,nonei,data/ceew/district_data/manipur/nonei/manipur_nonei_profile.json,data/ceew/district_data/manipur/nonei/manipur_nonei_profile.json,data/ceew/district_data/manipur/nonei/manipur_nonei_metadata_config.json,data/ceew/district_data/manipur/nonei/manipur_nonei_metadata_config.json,False
498,Manipur,Jiribam,manipur,jiribam,MANIPUR,JIRIBAM,manipur,jiribam,data/ceew/district_data/manipur/jiribam/manipur_jiribam_profile.json,data/ceew/district_data/manipur/jiribam/manipur_jiribam_profile.json,data/ceew/district_data/manipur/jiribam/manipur_jiribam_metadata_config.json,data/ceew/district_data/manipur/jiribam/manipur_jiribam_metadata_config.json,False
499,Manipur,Thoubal,manipur,thoubal,MANIPUR,THOUBAL,manipur,thoubal,data/ceew/district_data/manipur/thoubal/manipur_thoubal_profile.json,data/ceew/district_data/manipur/thoubal/manipur_thoubal_profile.json,data/ceew/district_data/manipur/thoubal/manipur_thoubal_metadata_config.json,data/ceew/district_data/manipur/thoubal/manipur_thoubal_metadata_config.json,False
500,Manipur,Bishnupur,manipur,bishnupur,MANIPUR,BISHNUPUR,manipur,bishnupur,data/ceew/district_data/manipur/bishnupur/manipur_bishnupur_profile.json,data/ceew/district_data/manipur/bishnupur/manipur_bishnupur_profile.json,data/ceew/district_data/manipur/bishnupur/manipur_bishnupur_metadata_config.json,data/ceew/district_data/manipur/bishnupur/manipur_bishnupur_metadata_config.json,False
501,Manipur,Churachandpur,manipur,churachandpur,MANIPUR,CHURACHANDPUR,manipur,churachandpur,data/ceew/district_data/manipur/churachandpur/manipur_churachandpur_profile.json,data/ceew/district_data/manipur/churachandpur/manipur_churachandpur_profile.json,data/ceew/district_data/manipur/churachandpur/manipur_churachandpur_metadata_config.json,data/ceew/district_data/manipur/churachandpur/manipur_churachandpur_metadata_config.json,False
502,Manipur,Kakching,manipur,kakching,MANIPUR,KAKCHING,manipur,kakching,data/ceew/district_data/manipur/kakching/manipur_kakching_profile.json,data/ceew/district_data/manipur/kakching/manipur_kakching_profile.json,data/ceew/district_data/manipur/kakching/manipur_kakching_metadata_config.json,data/ceew/district_data/manipur/kakching/manipur_kakching_metadata_config.json,False
503,Manipur,Pherzawl,manipur,pherzawl,MANIPUR,PHERZAWL,manipur,pherzawl,data/ceew/district_data/manipur/pherzawl/manipur_pherzawl_profile.json,data/ceew/district_data/manipur/pherzawl/manipur_pherzawl_profile.json,data/ceew/district_data/manipur/pherzawl/manipur_pherzawl_metadata_config.json,data/ceew/district_data/manipur/pherzawl/manipur_pherzawl_metadata_config.json,False
504,Manipur,Chandel,manipur,chandel,MANIPUR,CHANDEL,manipur,chandel,data/ceew/district_data/manipur/chandel/manipur_chandel_profile.json,data/ceew/district_data/manipur/chandel/manipur_chandel_profile.json,data/ceew/district_data/manipur/chandel/manipur_chandel_metadata_config.json,data/ceew/district_data/manipur/chandel/manipur_chandel_metadata_config.json,False
505,Manipur,Tengnoupal,manipur,tengnoupal,MANIPUR,TENGNOUPAL,manipur,tengnoupal,data/ceew/district_data/manipur/tengnoupal/manipur_tengnoupal_profile.json,data/ceew/district_data/manipur/tengnoupal/manipur_tengnoupal_profile.json,data/ceew/district_data/manipur/tengnoupal/manipur_tengnoupal_metadata_config.json,data/ceew/district_data/manipur/tengnoupal/manipur_tengnoupal_metadata_config.json,False
506,Mizoram,Champhai,mizoram,champhai,MIZORAM,CHAMPHAI,mizoram,champhai,data/ceew/district_data/mizoram/champhai/mizoram_champhai_profile.json,data/ceew/district_data/mizoram/champhai/mizoram_champhai_profile.json,data/ceew/district_data/mizoram/champhai/mizoram_champhai_metadata_config.json,data/ceew/district_data/mizoram/champhai/mizoram_champhai_metadata_config.json,False
507,Mizoram,Lawngtlai,mizoram,lawngtlai,MIZORAM,LAWNGTLAI,mizoram,lawngtlai,data/ceew/district_data/mizoram/lawngtlai/mizoram_lawngtlai_profile.json,data/ceew/district_data/mizoram/lawngtlai/mizoram_lawngtlai_profile.json,data/ceew/district_data/mizoram/lawngtlai/mizoram_lawngtlai_metadata_config.json,data/ceew/district_data/mizoram/lawngtlai/mizoram_lawngtlai_metadata_config.json,False
508,Mizoram,Mamit,mizoram,mamit,MIZORAM,MAMIT,mizoram,mamit,data/ceew/district_data/mizoram/mamit/mizoram_mamit_profile.json,data/ceew/district_data/mizoram/mamit/mizoram_mamit_profile.json,data/ceew/district_data/mizoram/mamit/mizoram_mamit_metadata_config.json,data/ceew/district_data/mizoram/mamit/mizoram_mamit_metadata_config.json,False
509,Mizoram,Lunglei,mizoram,lunglei,MIZORAM,LUNGLEI,mizoram,lunglei,data/ceew/district_data/mizoram/lunglei/mizoram_lunglei_profile.json,data/ceew/district_data/mizoram/lunglei/mizoram_lunglei_profile.json,data/ceew/district_data/mizoram/lunglei/mizoram_lunglei_metadata_config.json,data/ceew/district_data/mizoram/lunglei/mizoram_lunglei_metadata_config.json,False
510,Mizoram,Aizawl,mizoram,aizawl,MIZORAM,AIZWAL,mizoram,aizwal,data/ceew/district_data/mizoram/aizawl/mizoram_aizawl_profile.json,data/ceew/district_data/mizoram/aizwal/mizoram_aizwal_profile.json,data/ceew/district_data/mizoram/aizawl/mizoram_aizawl_metadata_config.json,data/ceew/district_data/mizoram/aizwal/mizoram_aizwal_metadata_config.json,True
511,Mizoram,Kolasib,mizoram,kolasib,MIZORAM,KOLASIB,mizoram,kolasib,data/ceew/district_data/mizoram/kolasib/mizoram_kolasib_profile.json,data/ceew/district_data/mizoram/kolasib/mizoram_kolasib_profile.json,data/ceew/district_data/mizoram/kolasib/mizoram_kolasib_metadata_config.json,data/ceew/district_data/mizoram/kolasib/mizoram_kolasib_metadata_config.json,False
512,Mizoram,Serchhip,mizoram,serchhip,MIZORAM,SERCHHIP,mizoram,serchhip,data/ceew/district_data/mizoram/serchhip/mizoram_serchhip_profile.json,data/ceew/district_data/mizoram/serchhip/mizoram_serchhip_profile.json,data/ceew/district_data/mizoram/serchhip/mizoram_serchhip_metadata_config.json,data/ceew/district_data/mizoram/serchhip/mizoram_serchhip_metadata_config.json,False
513,Mizoram,Saiha,mizoram,saiha,MIZORAM,SAIHA,mizoram,saiha,data/ceew/district_data/mizoram/saiha/mizoram_saiha_profile.json,data/ceew/district_data/mizoram/saiha/mizoram_saiha_profile.json,data/ceew/district_data/mizoram/saiha/mizoram_saiha_metadata_config.json,data/ceew/district_data/mizoram/saiha/mizoram_saiha_metadata_config.json,False
514,Arunachal Pradesh,Anjaw,arunachal_pradesh,anjaw,ARUNACHAL PRADESH,ANJAW,arunachal_pradesh,anjaw,data/ceew/district_data/arunachal_pradesh/anjaw/arunachal_pradesh_anjaw_profile.json,data/ceew/district_data/arunachal_pradesh/anjaw/arunachal_pradesh_anjaw_profile.json,data/ceew/district_data/arunachal_pradesh/anjaw/arunachal_pradesh_anjaw_metadata_config.json,data/ceew/district_data/arunachal_pradesh/anjaw/arunachal_pradesh_anjaw_metadata_config.json,False
515,Arunachal Pradesh,Changlang,arunachal_pradesh,changlang,ARUNACHAL PRADESH,CHANGLANG,arunachal_pradesh,changlang,data/ceew/district_data/arunachal_pradesh/changlang/arunachal_pradesh_changlang_profile.json,data/ceew/district_data/arunachal_pradesh/changlang/arunachal_pradesh_changlang_profile.json,data/ceew/district_data/arunachal_pradesh/changlang/arunachal_pradesh_changlang_metadata_config.json,data/ceew/district_data/arunachal_pradesh/changlang/arunachal_pradesh_changlang_metadata_config.json,False
516,Arunachal Pradesh,Dibang Valley,arunachal_pradesh,dibang_valley,ARUNACHAL PRADESH,DIBANG VALLEY,arunachal_pradesh,dibang_valley,data/ceew/district_data/arunachal_pradesh/dibang_valley/arunachal_pradesh_dibang_valley_profile.json,data/ceew/district_data/arunachal_pradesh/dibang_valley/arunachal_pradesh_dibang_valley_profile.json,data/ceew/district_data/arunachal_pradesh/dibang_valley/arunachal_pradesh_dibang_valley_metadata_config.json,data/ceew/district_data/arunachal_pradesh/dibang_valley/arunachal_pradesh_dibang_valley_metadata_config.json,False
517,Arunachal Pradesh,East Kameng,arunachal_pradesh,east_kameng,ARUNACHAL PRADESH,EAST KAMENG,arunachal_pradesh,east_kameng,data/ceew/district_data/arunachal_pradesh/east_kameng/arunachal_pradesh_east_kameng_profile.json,data/ceew/district_data/arunachal_pradesh/east_kameng/arunachal_pradesh_east_kameng_profile.json,data/ceew/district_data/arunachal_pradesh/east_kameng/arunachal_pradesh_east_kameng_metadata_config.json,data/ceew/district_data/arunachal_pradesh/east_kameng/arunachal_pradesh_east_kameng_metadata_config.json,False
518,Arunachal Pradesh,East Siang,arunachal_pradesh,east_siang,ARUNACHAL PRADESH,EAST SIANG,arunachal_pradesh,east_siang,data/ceew/district_data/arunachal_pradesh/east_siang/arunachal_pradesh_east_siang_profile.json,data/ceew/district_data/arunachal_pradesh/east_siang/arunachal_pradesh_east_siang_profile.json,data/ceew/district_data/arunachal_pradesh/east_siang/arunachal_pradesh_east_siang_metadata_config.json,data/ceew/district_data/arunachal_pradesh/east_siang/arunachal_pradesh_east_siang_metadata_config.json,False
519,Arunachal Pradesh,Kurung Kumey,arunachal_pradesh,kurung_kumey,ARUNACHAL PRADESH,KURUNG KUMEY,arunachal_pradesh,kurung_kumey,data/ceew/district_data/arunachal_pradesh/kurung_kumey/arunachal_pradesh_kurung_kumey_profile.json,data/ceew/district_data/arunachal_pradesh/kurung_kumey/arunachal_pradesh_kurung_kumey_profile.json,data/ceew/district_data/arunachal_pradesh/kurung_kumey/arunachal_pradesh_kurung_kumey_metadata_config.json,data/ceew/district_data/arunachal_pradesh/kurung_kumey/arunachal_pradesh_kurung_kumey_metadata_config.json,False
520,Arunachal Pradesh,Lohit,arunachal_pradesh,lohit,ARUNACHAL PRADESH,LOHIT,arunachal_pradesh,lohit,data/ceew/district_data/arunachal_pradesh/lohit/arunachal_pradesh_lohit_profile.json,data/ceew/district_data/arunachal_pradesh/lohit/arunachal_pradesh_lohit_profile.json,data/ceew/district_data/arunachal_pradesh/lohit/arunachal_pradesh_lohit_metadata_config.json,data/ceew/district_data/arunachal_pradesh/lohit/arunachal_pradesh_lohit_metadata_config.json,False
521,Arunachal Pradesh,Lower Dibang Valley,arunachal_pradesh,lower_dibang_valley,ARUNACHAL PRADESH,LOWER DIBANG VALLEY,arunachal_pradesh,lower_dibang_valley,data/ceew/district_data/arunachal_pradesh/lower_dibang_valley/arunachal_pradesh_lower_dibang_valley_profile.json,data/ceew/district_data/arunachal_pradesh/lower_dibang_valley/arunachal_pradesh_lower_dibang_valley_profile.json,data/ceew/district_data/arunachal_pradesh/lower_dibang_valley/arunachal_pradesh_lower_dibang_valley_metadata_config.json,data/ceew/district_data/arunachal_pradesh/lower_dibang_valley/arunachal_pradesh_lower_dibang_valley_metadata_config.json,False
522,Arunachal Pradesh,Lower Subansiri,arunachal_pradesh,lower_subansiri,ARUNACHAL PRADESH,LOWER SUBANSIRI,arunachal_pradesh,lower_subansiri,data/ceew/district_data/arunachal_pradesh/lower_subansiri/arunachal_pradesh_lower_subansiri_profile.json,data/ceew/district_data/arunachal_pradesh/lower_subansiri/arunachal_pradesh_lower_subansiri_profile.json,data/ceew/district_data/arunachal_pradesh/lower_subansiri/arunachal_pradesh_lower_subansiri_metadata_config.json,data/ceew/district_data/arunachal_pradesh/lower_subansiri/arunachal_pradesh_lower_subansiri_metadata_config.json,False
523,Arunachal Pradesh,Papumpare,arunachal_pradesh,papumpare,ARUNACHAL PRADESH,PAPUMPARE,arunachal_pradesh,papumpare,data/ceew/district_data/arunachal_pradesh/papumpare/arunachal_pradesh_papumpare_profile.json,data/ceew/district_data/arunachal_pradesh/papumpare/arunachal_pradesh_papumpare_profile.json,data/ceew/district_data/arunachal_pradesh/papumpare/arunachal_pradesh_papumpare_metadata_config.json,data/ceew/district_data/arunachal_pradesh/papumpare/arunachal_pradesh_papumpare_metadata_config.json,False
524,Arunachal Pradesh,Tawang,arunachal_pradesh,tawang,ARUNACHAL PRADESH,TAWANG,arunachal_pradesh,tawang,data/ceew/district_data/arunachal_pradesh/tawang/arunachal_pradesh_tawang_profile.json,data/ceew/district_data/arunachal_pradesh/tawang/arunachal_pradesh_tawang_profile.json,data/ceew/district_data/arunachal_pradesh/tawang/arunachal_pradesh_tawang_metadata_config.json,data/ceew/district_data/arunachal_pradesh/tawang/arunachal_pradesh_tawang_metadata_config.json,False
525,Arunachal Pradesh,Tirap,arunachal_pradesh,tirap,ARUNACHAL PRADESH,TIRAP,arunachal_pradesh,tirap,data/ceew/district_data/arunachal_pradesh/tirap/arunachal_pradesh_tirap_profile.json,data/ceew/district_data/arunachal_pradesh/tirap/arunachal_pradesh_tirap_profile.json,data/ceew/district_data/arunachal_pradesh/tirap/arunachal_pradesh_tirap_metadata_config.json,data/ceew/district_data/arunachal_pradesh/tirap/arunachal_pradesh_tirap_metadata_config.json,False
526,Arunachal Pradesh,Upper Siang,arunachal_pradesh,upper_siang,ARUNACHAL PRADESH,UPPER SIANG,arunachal_pradesh,upper_siang,data/ceew/district_data/arunachal_pradesh/upper_siang/arunachal_pradesh_upper_siang_profile.json,data/ceew/district_data/arunachal_pradesh/upper_siang/arunachal_pradesh_upper_siang_profile.json,data/ceew/district_data/arunachal_pradesh/upper_siang/arunachal_pradesh_upper_siang_metadata_config.json,data/ceew/district_data/arunachal_pradesh/upper_siang/arunachal_pradesh_upper_siang_metadata_config.json,False
527,Arunachal Pradesh,Upper Subansiri,arunachal_pradesh,upper_subansiri,ARUNACHAL PRADESH,UPPER SUBANSIRI,arunachal_pradesh,upper_subansiri,data/ceew/district_data/arunachal_pradesh/upper_subansiri/arunachal_pradesh_upper_subansiri_profile.json,data/ceew/district_data/arunachal_pradesh/upper_subansiri/arunachal_pradesh_upper_subansiri_profile.json,data/ceew/district_data/arunachal_pradesh/upper_subansiri/arunachal_pradesh_upper_subansiri_metadata_config.json,data/ceew/district_data/arunachal_pradesh/upper_subansiri/arunachal_pradesh_upper_subansiri_metadata_config.json,False
528,Arunachal Pradesh,West Kameng,arunachal_pradesh,west_kameng,ARUNACHAL PRADESH,WEST KAMENG,arunachal_pradesh,west_kameng,data/ceew/district_data/arunachal_pradesh/west_kameng/arunachal_pradesh_west_kameng_profile.json,data/ceew/district_data/arunachal_pradesh/west_kameng/arunachal_pradesh_west_kameng_profile.json,data/ceew/district_data/arunachal_pradesh/west_kameng/arunachal_pradesh_west_kameng_metadata_config.json,data/ceew/district_data/arunachal_pradesh/west_kameng/arunachal_pradesh_west_kameng_metadata_config.json,False
529,Arunachal Pradesh,Shi Yomi,arunachal_pradesh,shi_yomi,ARUNACHAL PRADESH,SHI YOMI,arunachal_pradesh,shi_yomi,data/ceew/district_data/arunachal_pradesh/shi_yomi/arunachal_pradesh_shi_yomi_profile.json,data/ceew/district_data/arunachal_pradesh/shi_yomi/arunachal_pradesh_shi_yomi_profile.json,data/ceew/district_data/arunachal_pradesh/shi_yomi/arunachal_pradesh_shi_yomi_metadata_config.json,data/ceew/district_data/arunachal_pradesh/shi_yomi/arunachal_pradesh_shi_yomi_metadata_config.json,False
530,Arunachal Pradesh,Pakke Kessang,arunachal_pradesh,pakke_kessang,ARUNACHAL PRADESH,PAKKE KESSANG,arunachal_pradesh,pakke_kessang,data/ceew/district_data/arunachal_pradesh/pakke_kessang/arunachal_pradesh_pakke_kessang_profile.json,data/ceew/district_data/arunachal_pradesh/pakke_kessang/arunachal_pradesh_pakke_kessang_profile.json,data/ceew/district_data/arunachal_pradesh/pakke_kessang/arunachal_pradesh_pakke_kessang_metadata_config.json,data/ceew/district_data/arunachal_pradesh/pakke_kessang/arunachal_pradesh_pakke_kessang_metadata_config.json,False
531,Arunachal Pradesh,Kra Daadi,arunachal_pradesh,kra_daadi,ARUNACHAL PRADESH,KRA DAADI,arunachal_pradesh,kra_daadi,data/ceew/district_data/arunachal_pradesh/kra_daadi/arunachal_pradesh_kra_daadi_profile.json,data/ceew/district_data/arunachal_pradesh/kra_daadi/arunachal_pradesh_kra_daadi_profile.json,data/ceew/district_data/arunachal_pradesh/kra_daadi/arunachal_pradesh_kra_daadi_metadata_config.json,data/ceew/district_data/arunachal_pradesh/kra_daadi/arunachal_pradesh_kra_daadi_metadata_config.json,False
532,Arunachal Pradesh,Kamle,arunachal_pradesh,kamle,ARUNACHAL PRADESH,KAMLE,arunachal_pradesh,kamle,data/ceew/district_data/arunachal_pradesh/kamle/arunachal_pradesh_kamle_profile.json,data/ceew/district_data/arunachal_pradesh/kamle/arunachal_pradesh_kamle_profile.json,data/ceew/district_data/arunachal_pradesh/kamle/arunachal_pradesh_kamle_metadata_config.json,data/ceew/district_data/arunachal_pradesh/kamle/arunachal_pradesh_kamle_metadata_config.json,False
533,Arunachal Pradesh,Namsai,arunachal_pradesh,namsai,ARUNACHAL PRADESH,NAMSAI,arunachal_pradesh,namsai,data/ceew/district_data/arunachal_pradesh/namsai/arunachal_pradesh_namsai_profile.json,data/ceew/district_data/arunachal_pradesh/namsai/arunachal_pradesh_namsai_profile.json,data/ceew/district_data/arunachal_pradesh/namsai/arunachal_pradesh_namsai_metadata_config.json,data/ceew/district_data/arunachal_pradesh/namsai/arunachal_pradesh_namsai_metadata_config.json,False
534,Arunachal Pradesh,Lower Siang,arunachal_pradesh,lower_siang,ARUNACHAL PRADESH,LOWER SIANG,arunachal_pradesh,lower_siang,data/ceew/district_data/arunachal_pradesh/lower_siang/arunachal_pradesh_lower_siang_profile.json,data/ceew/district_data/arunachal_pradesh/lower_siang/arunachal_pradesh_lower_siang_profile.json,data/ceew/district_data/arunachal_pradesh/lower_siang/arunachal_pradesh_lower_siang_metadata_config.json,data/ceew/district_data/arunachal_pradesh/lower_siang/arunachal_pradesh_lower_siang_metadata_config.json,False
535,Arunachal Pradesh,Lepa Rada,arunachal_pradesh,lepa_rada,ARUNACHAL PRADESH,LEPA RADA,arunachal_pradesh,lepa_rada,data/ceew/district_data/arunachal_pradesh/lepa_rada/arunachal_pradesh_lepa_rada_profile.json,data/ceew/district_data/arunachal_pradesh/lepa_rada/arunachal_pradesh_lepa_rada_profile.json,data/ceew/district_data/arunachal_pradesh/lepa_rada/arunachal_pradesh_lepa_rada_metadata_config.json,data/ceew/district_data/arunachal_pradesh/lepa_rada/arunachal_pradesh_lepa_rada_metadata_config.json,False
536,Arunachal Pradesh,West Siang,arunachal_pradesh,west_siang,ARUNACHAL PRADESH,WEST SIANG,arunachal_pradesh,west_siang,data/ceew/district_data/arunachal_pradesh/west_siang/arunachal_pradesh_west_siang_profile.json,data/ceew/district_data/arunachal_pradesh/west_siang/arunachal_pradesh_west_siang_profile.json,data/ceew/district_data/arunachal_pradesh/west_siang/arunachal_pradesh_west_siang_metadata_config.json,data/ceew/district_data/arunachal_pradesh/west_siang/arunachal_pradesh_west_siang_metadata_config.json,False
537,Arunachal Pradesh,Siang,arunachal_pradesh,siang,ARUNACHAL PRADESH,SIANG,arunachal_pradesh,siang,data/ceew/district_data/arunachal_pradesh/siang/arunachal_pradesh_siang_profile.json,data/ceew/district_data/arunachal_pradesh/siang/arunachal_pradesh_siang_profile.json,data/ceew/district_data/arunachal_pradesh/siang/arunachal_pradesh_siang_metadata_config.json,data/ceew/district_data/arunachal_pradesh/siang/arunachal_pradesh_siang_metadata_config.json,False
538,Arunachal Pradesh,Longding,arunachal_pradesh,longding,ARUNACHAL PRADESH,LONGDING,arunachal_pradesh,longding,data/ceew/district_data/arunachal_pradesh/longding/arunachal_pradesh_longding_profile.json,data/ceew/district_data/arunachal_pradesh/longding/arunachal_pradesh_longding_profile.json,data/ceew/district_data/arunachal_pradesh/longding/arunachal_pradesh_longding_metadata_config.json,data/ceew/district_data/arunachal_pradesh/longding/arunachal_pradesh_longding_metadata_config.json,False
539,West Bengal,Kalimpong,west_bengal,kalimpong,WEST BENGAL,KALIMPONG,west_bengal,kalimpong,data/ceew/district_data/west_bengal/kalimpong/west_bengal_kalimpong_profile.json,data/ceew/district_data/west_bengal/kalimpong/west_bengal_kalimpong_profile.json,data/ceew/district_data/west_bengal/kalimpong/west_bengal_kalimpong_metadata_config.json,data/ceew/district_data/west_bengal/kalimpong/west_bengal_kalimpong_metadata_config.json,False
540,WEST BENGAL,ALIPUR DUAR,west_bengal,alipur_duar,WEST BENGAL,ALIPUR DUAR,west_bengal,alipur_duar,data/ceew/district_data/west_bengal/alipur_duar/west_bengal_alipur_duar_profile.json,data/ceew/district_data/west_bengal/alipur_duar/west_bengal_alipur_duar_profile.json,data/ceew/district_data/west_bengal/alipur_duar/west_bengal_alipur_duar_metadata_config.json,data/ceew/district_data/west_bengal/alipur_duar/west_bengal_alipur_duar_metadata_config.json,False
541,West Bengal,South Twenty-Four Parganas,west_bengal,south_twenty_four_parganas,WEST BENGAL,SOUTH TWENTY-FOUR PARGANAS,west_bengal,south_twenty_four_parganas,data/ceew/district_data/west_bengal/south_twenty_four_parganas/west_bengal_south_twenty_four_parganas_profile.json,data/ceew/district_data/west_bengal/south_twenty_four_parganas/west_bengal_south_twenty_four_parganas_profile.json,data/ceew/district_data/west_bengal/south_twenty_four_parganas/west_bengal_south_twenty_four_parganas_metadata_config.json,data/ceew/district_data/west_bengal/south_twenty_four_parganas/west_bengal_south_twenty_four_parganas_metadata_config.json,False
542,West Bengal,Hugli,west_bengal,hugli,WEST BENGAL,HUGLI,west_bengal,hugli,data/ceew/district_data/west_bengal/hugli/west_bengal_hugli_profile.json,data/ceew/district_data/west_bengal/hugli/west_bengal_hugli_profile.json,data/ceew/district_data/west_bengal/hugli/west_bengal_hugli_metadata_config.json,data/ceew/district_data/west_bengal/hugli/west_bengal_hugli_metadata_config.json,False
543,West Bengal,Paschim Barddhaman,west_bengal,paschim_barddhaman,WEST BENGAL,PASCHIM BARDDHAMAN,west_bengal,paschim_barddhaman,data/ceew/district_data/west_bengal/paschim_barddhaman/west_bengal_paschim_barddhaman_profile.json,data/ceew/district_data/west_bengal/paschim_barddhaman/west_bengal_paschim_barddhaman_profile.json,data/ceew/district_data/west_bengal/paschim_barddhaman/west_bengal_paschim_barddhaman_metadata_config.json,data/ceew/district_data/west_bengal/paschim_barddhaman/west_bengal_paschim_barddhaman_metadata_config.json,False
544,West Bengal,Bankura,west_bengal,bankura,WEST BENGAL,BANKURA,west_bengal,bankura,data/ceew/district_data/west_bengal/bankura/west_bengal_bankura_profile.json,data/ceew/district_data/west_bengal/bankura/west_bengal_bankura_profile.json,data/ceew/district_data/west_bengal/bankura/west_bengal_bankura_metadata_config.json,data/ceew/district_data/west_bengal/bankura/west_bengal_bankura_metadata_config.json,False
545,West Bengal,Murshidabad,west_bengal,murshidabad,WEST BENGAL,MURSHIDABAD,west_bengal,murshidabad,data/ceew/district_data/west_bengal/murshidabad/west_bengal_murshidabad_profile.json,data/ceew/district_data/west_bengal/murshidabad/west_bengal_murshidabad_profile.json,data/ceew/district_data/west_bengal/murshidabad/west_bengal_murshidabad_metadata_config.json,data/ceew/district_data/west_bengal/murshidabad/west_bengal_murshidabad_metadata_config.json,False
546,West Bengal,Dakshin Dinajpur,west_bengal,dakshin_dinajpur,WEST BENGAL,DAKSHIN DINAJPUR,west_bengal,dakshin_dinajpur,data/ceew/district_data/west_bengal/dakshin_dinajpur/west_bengal_dakshin_dinajpur_profile.json,data/ceew/district_data/west_bengal/dakshin_dinajpur/west_bengal_dakshin_dinajpur_profile.json,data/ceew/district_data/west_bengal/dakshin_dinajpur/west_bengal_dakshin_dinajpur_metadata_config.json,data/ceew/district_data/west_bengal/dakshin_dinajpur/west_bengal_dakshin_dinajpur_metadata_config.json,False
547,West Bengal,North Twenty-Four Parganas,west_bengal,north_twenty_four_parganas,WEST BENGAL,NORTH TWENTY-FOUR PARGANAS,west_bengal,north_twenty_four_parganas,data/ceew/district_data/west_bengal/north_twenty_four_parganas/west_bengal_north_twenty_four_parganas_profile.json,data/ceew/district_data/west_bengal/north_twenty_four_parganas/west_bengal_north_twenty_four_parganas_profile.json,data/ceew/district_data/west_bengal/north_twenty_four_parganas/west_bengal_north_twenty_four_parganas_metadata_config.json,data/ceew/district_data/west_bengal/north_twenty_four_parganas/west_bengal_north_twenty_four_parganas_metadata_config.json,False
548,West Bengal,Jhargram,west_bengal,jhargram,WEST BENGAL,JHARGRAM,west_bengal,jhargram,data/ceew/district_data/west_bengal/jhargram/west_bengal_jhargram_profile.json,data/ceew/district_data/west_bengal/jhargram/west_bengal_jhargram_profile.json,data/ceew/district_data/west_bengal/jhargram/west_bengal_jhargram_metadata_config.json,data/ceew/district_data/west_bengal/jhargram/west_bengal_jhargram_metadata_config.json,False
549,West Bengal,Birbhum,west_bengal,birbhum,WEST BENGAL,BIRBHUM,west_bengal,birbhum,data/ceew/district_data/west_bengal/birbhum/west_bengal_birbhum_profile.json,data/ceew/district_data/west_bengal/birbhum/west_bengal_birbhum_profile.json,data/ceew/district_data/west_bengal/birbhum/west_bengal_birbhum_metadata_config.json,data/ceew/district_data/west_bengal/birbhum/west_bengal_birbhum_metadata_config.json,False
550,West Bengal,Purba Barddhaman,west_bengal,purba_barddhaman,WEST BENGAL,PURBA BARDDHAMAN,west_bengal,purba_barddhaman,data/ceew/district_data/west_bengal/purba_barddhaman/west_bengal_purba_barddhaman_profile.json,data/ceew/district_data/west_bengal/purba_barddhaman/west_bengal_purba_barddhaman_profile.json,data/ceew/district_data/west_bengal/purba_barddhaman/west_bengal_purba_barddhaman_metadata_config.json,data/ceew/district_data/west_bengal/purba_barddhaman/west_bengal_purba_barddhaman_metadata_config.json,False
551,West Bengal,Maldah,west_bengal,maldah,WEST BENGAL,MALDAH,west_bengal,maldah,data/ceew/district_data/west_bengal/maldah/west_bengal_maldah_profile.json,data/ceew/district_data/west_bengal/maldah/west_bengal_maldah_profile.json,data/ceew/district_data/west_bengal/maldah/west_bengal_maldah_metadata_config.json,data/ceew/district_data/west_bengal/maldah/west_bengal_maldah_metadata_config.json,False
552,West Bengal,Darjiling,west_bengal,darjiling,WEST BENGAL,DARJILING,west_bengal,darjiling,data/ceew/district_data/west_bengal/darjiling/west_bengal_darjiling_profile.json,data/ceew/district_data/west_bengal/darjiling/west_bengal_darjiling_profile.json,data/ceew/district_data/west_bengal/darjiling/west_bengal_darjiling_metadata_config.json,data/ceew/district_data/west_bengal/darjiling/west_bengal_darjiling_metadata_config.json,False
553,West Bengal,Paschim Medinipur,west_bengal,paschim_medinipur,WEST BENGAL,PASCHIM MEDINIPUR,west_bengal,paschim_medinipur,data/ceew/district_data/west_bengal/paschim_medinipur/west_bengal_paschim_medinipur_profile.json,data/ceew/district_data/west_bengal/paschim_medinipur/west_bengal_paschim_medinipur_profile.json,data/ceew/district_data/west_bengal/paschim_medinipur/west_bengal_paschim_medinipur_metadata_config.json,data/ceew/district_data/west_bengal/paschim_medinipur/west_bengal_paschim_medinipur_metadata_config.json,False
554,West Bengal,Koch Bihar,west_bengal,koch_bihar,WEST BENGAL,KOCH BIHAR,west_bengal,koch_bihar,data/ceew/district_data/west_bengal/koch_bihar/west_bengal_koch_bihar_profile.json,data/ceew/district_data/west_bengal/koch_bihar/west_bengal_koch_bihar_profile.json,data/ceew/district_data/west_bengal/koch_bihar/west_bengal_koch_bihar_metadata_config.json,data/ceew/district_data/west_bengal/koch_bihar/west_bengal_koch_bihar_metadata_config.json,False
555,West Bengal,Purba Medinipur,west_bengal,purba_medinipur,WEST BENGAL,PURBA MEDINIPUR,west_bengal,purba_medinipur,data/ceew/district_data/west_bengal/purba_medinipur/west_bengal_purba_medinipur_profile.json,data/ceew/district_data/west_bengal/purba_medinipur/west_bengal_purba_medinipur_profile.json,data/ceew/district_data/west_bengal/purba_medinipur/west_bengal_purba_medinipur_metadata_config.json,data/ceew/district_data/west_bengal/purba_medinipur/west_bengal_purba_medinipur_metadata_config.json,False
556,West Bengal,Haora,west_bengal,haora,WEST BENGAL,HAORA,west_bengal,haora,data/ceew/district_data/west_bengal/haora/west_bengal_haora_profile.json,data/ceew/district_data/west_bengal/haora/west_bengal_haora_profile.json,data/ceew/district_data/west_bengal/haora/west_bengal_haora_metadata_config.json,data/ceew/district_data/west_bengal/haora/west_bengal_haora_metadata_config.json,False
557,West Bengal,Uttar Dinajpur,west_bengal,uttar_dinajpur,WEST BENGAL,UTTAR DINAJPUR,west_bengal,uttar_dinajpur,data/ceew/district_data/west_bengal/uttar_dinajpur/west_bengal_uttar_dinajpur_profile.json,data/ceew/district_data/west_bengal/uttar_dinajpur/west_bengal_uttar_dinajpur_profile.json,data/ceew/district_data/west_bengal/uttar_dinajpur/west_bengal_uttar_dinajpur_metadata_config.json,data/ceew/district_data/west_bengal/uttar_dinajpur/west_bengal_uttar_dinajpur_metadata_config.json,False
558,West Bengal,Jalpaiguri,west_bengal,jalpaiguri,WEST BENGAL,JALPAIGURI,west_bengal,jalpaiguri,data/ceew/district_data/west_bengal/jalpaiguri/west_bengal_jalpaiguri_profile.json,data/ceew/district_data/west_bengal/jalpaiguri/west_bengal_jalpaiguri_profile.json,data/ceew/district_data/west_bengal/jalpaiguri/west_bengal_jalpaiguri_metadata_config.json,data/ceew/district_data/west_bengal/jalpaiguri/west_bengal_jalpaiguri_metadata_config.json,False
559,West Bengal,Nadia,west_bengal,nadia,WEST BENGAL,NADIA,west_bengal,nadia,data/ceew/district_data/west_bengal/nadia/west_bengal_nadia_profile.json,data/ceew/district_data/west_bengal/nadia/west_bengal_nadia_profile.json,data/ceew/district_data/west_bengal/nadia/west_bengal_nadia_metadata_config.json,data/ceew/district_data/west_bengal/nadia/west_bengal_nadia_metadata_config.json,False
560,West Bengal,Kolkata,west_bengal,kolkata,WEST BENGAL,KOLKATA,west_bengal,kolkata,data/ceew/district_data/west_bengal/kolkata/west_bengal_kolkata_profile.json,data/ceew/district_data/west_bengal/kolkata/west_bengal_kolkata_profile.json,data/ceew/district_data/west_bengal/kolkata/west_bengal_kolkata_metadata_config.json,data/ceew/district_data/west_bengal/kolkata/west_bengal_kolkata_metadata_config.json,False
561,West Bengal,Puruliya,west_bengal,puruliya,WEST BENGAL,PURULIYA,west_bengal,puruliya,data/ceew/district_data/west_bengal/puruliya/west_bengal_puruliya_profile.json,data/ceew/district_data/west_bengal/puruliya/west_bengal_puruliya_profile.json,data/ceew/district_data/west_bengal/puruliya/west_bengal_puruliya_metadata_config.json,data/ceew/district_data/west_bengal/puruliya/west_bengal_puruliya_metadata_config.json,False
563,Maharashtra,Amaravati,maharashtra,amaravati,MAHARASHTRA,AMARAVATI,maharashtra,amaravati,data/ceew/district_data/maharashtra/amaravati/maharashtra_amaravati_profile.json,data/ceew/district_data/maharashtra/amaravati/maharashtra_amaravati_profile.json,data/ceew/district_data/maharashtra/amaravati/maharashtra_amaravati_metadata_config.json,data/ceew/district_data/maharashtra/amaravati/maharashtra_amaravati_metadata_config.json,False
564,Maharashtra,Mumbai City,maharashtra,mumbai_city,MAHARASHTRA,MUMBAI CITY,maharashtra,mumbai_city,data/ceew/district_data/maharashtra/mumbai_city/maharashtra_mumbai_city_profile.json,data/ceew/district_data/maharashtra/mumbai_city/maharashtra_mumbai_city_profile.json,data/ceew/district_data/maharashtra/mumbai_city/maharashtra_mumbai_city_metadata_config.json,data/ceew/district_data/maharashtra/mumbai_city/maharashtra_mumbai_city_metadata_config.json,False
565,Maharashtra,Sub Urban Mumbai,maharashtra,sub_urban_mumbai,MAHARASHTRA,SUB URBAN MUMBAI,maharashtra,sub_urban_mumbai,data/ceew/district_data/maharashtra/sub_urban_mumbai/maharashtra_sub_urban_mumbai_profile.json,data/ceew/district_data/maharashtra/sub_urban_mumbai/maharashtra_sub_urban_mumbai_profile.json,data/ceew/district_data/maharashtra/sub_urban_mumbai/maharashtra_sub_urban_mumbai_metadata_config.json,data/ceew/district_data/maharashtra/sub_urban_mumbai/maharashtra_sub_urban_mumbai_metadata_config.json,False
566,Maharashtra,Gadchiroli,maharashtra,gadchiroli,MAHARASHTRA,GADCHIROLI,maharashtra,gadchiroli,data/ceew/district_data/maharashtra/gadchiroli/maharashtra_gadchiroli_profile.json,data/ceew/district_data/maharashtra/gadchiroli/maharashtra_gadchiroli_profile.json,data/ceew/district_data/maharashtra/gadchiroli/maharashtra_gadchiroli_metadata_config.json,data/ceew/district_data/maharashtra/gadchiroli/maharashtra_gadchiroli_metadata_config.json,False
567,Maharashtra,Latur,maharashtra,latur,MAHARASHTRA,LATUR,maharashtra,latur,data/ceew/district_data/maharashtra/latur/maharashtra_latur_profile.json,data/ceew/district_data/maharashtra/latur/maharashtra_latur_profile.json,data/ceew/district_data/maharashtra/latur/maharashtra_latur_metadata_config.json,data/ceew/district_data/maharashtra/latur/maharashtra_latur_metadata_config.json,False
568,Maharashtra,Kolhapur,maharashtra,kolhapur,MAHARASHTRA,KOLHAPUR,maharashtra,kolhapur,data/ceew/district_data/maharashtra/kolhapur/maharashtra_kolhapur_profile.json,data/ceew/district_data/maharashtra/kolhapur/maharashtra_kolhapur_profile.json,data/ceew/district_data/maharashtra/kolhapur/maharashtra_kolhapur_metadata_config.json,data/ceew/district_data/maharashtra/kolhapur/maharashtra_kolhapur_metadata_config.json,False
569,Maharashtra,Solapur,maharashtra,solapur,MAHARASHTRA,SOLAPUR,maharashtra,solapur,data/ceew/district_data/maharashtra/solapur/maharashtra_solapur_profile.json,data/ceew/district_data/maharashtra/solapur/maharashtra_solapur_profile.json,data/ceew/district_data/maharashtra/solapur/maharashtra_solapur_metadata_config.json,data/ceew/district_data/maharashtra/solapur/maharashtra_solapur_metadata_config.json,False
570,Maharashtra,Nandurbar,maharashtra,nandurbar,MAHARASHTRA,NANDURBAR,maharashtra,nandurbar,data/ceew/district_data/maharashtra/nandurbar/maharashtra_nandurbar_profile.json,data/ceew/district_data/maharashtra/nandurbar/maharashtra_nandurbar_profile.json,data/ceew/district_data/maharashtra/nandurbar/maharashtra_nandurbar_metadata_config.json,data/ceew/district_data/maharashtra/nandurbar/maharashtra_nandurbar_metadata_config.json,False
571,Maharashtra,Akola,maharashtra,akola,MAHARASHTRA,AKOLA,maharashtra,akola,data/ceew/district_data/maharashtra/akola/maharashtra_akola_profile.json,data/ceew/district_data/maharashtra/akola/maharashtra_akola_profile.json,data/ceew/district_data/maharashtra/akola/maharashtra_akola_metadata_config.json,data/ceew/district_data/maharashtra/akola/maharashtra_akola_metadata_config.json,False
572,Maharashtra,Ahamadnagar,maharashtra,ahamadnagar,MAHARASHTRA,AHAMADNAGAR,maharashtra,ahamadnagar,data/ceew/district_data/maharashtra/ahamadnagar/maharashtra_ahamadnagar_profile.json,data/ceew/district_data/maharashtra/ahamadnagar/maharashtra_ahamadnagar_profile.json,data/ceew/district_data/maharashtra/ahamadnagar/maharashtra_ahamadnagar_metadata_config.json,data/ceew/district_data/maharashtra/ahamadnagar/maharashtra_ahamadnagar_metadata_config.json,False
573,Maharashtra,Raygad,maharashtra,raygad,MAHARASHTRA,RAYGAD,maharashtra,raygad,data/ceew/district_data/maharashtra/raygad/maharashtra_raygad_profile.json,data/ceew/district_data/maharashtra/raygad/maharashtra_raygad_profile.json,data/ceew/district_data/maharashtra/raygad/maharashtra_raygad_metadata_config.json,data/ceew/district_data/maharashtra/raygad/maharashtra_raygad_metadata_config.json,False
574,Maharashtra,Jalgaon,maharashtra,jalgaon,MAHARASHTRA,JALGAON,maharashtra,jalgaon,data/ceew/district_data/maharashtra/jalgaon/maharashtra_jalgaon_profile.json,data/ceew/district_data/maharashtra/jalgaon/maharashtra_jalgaon_profile.json,data/ceew/district_data/maharashtra/jalgaon/maharashtra_jalgaon_metadata_config.json,data/ceew/district_data/maharashtra/jalgaon/maharashtra_jalgaon_metadata_config.json,False
575,Maharashtra,Jalna,maharashtra,jalna,MAHARASHTRA,JALNA,maharashtra,jalna,data/ceew/district_data/maharashtra/jalna/maharashtra_jalna_profile.json,data/ceew/district_data/maharashtra/jalna/maharashtra_jalna_profile.json,data/ceew/district_data/maharashtra/jalna/maharashtra_jalna_metadata_config.json,data/ceew/district_data/maharashtra/jalna/maharashtra_jalna_metadata_config.json,False
576,Maharashtra,Thane,maharashtra,thane,MAHARASHTRA,THANE,maharashtra,thane,data/ceew/district_data/maharashtra/thane/maharashtra_thane_profile.json,data/ceew/district_data/maharashtra/thane/maharashtra_thane_profile.json,data/ceew/district_data/maharashtra/thane/maharashtra_thane_metadata_config.json,data/ceew/district_data/maharashtra/thane/maharashtra_thane_metadata_config.json,False
577,Maharashtra,Pune,maharashtra,pune,MAHARASHTRA,PUNE,maharashtra,pune,data/ceew/district_data/maharashtra/pune/maharashtra_pune_profile.json,data/ceew/district_data/maharashtra/pune/maharashtra_pune_profile.json,data/ceew/district_data/maharashtra/pune/maharashtra_pune_metadata_config.json,data/ceew/district_data/maharashtra/pune/maharashtra_pune_metadata_config.json,False
578,Maharashtra,Bid,maharashtra,bid,MAHARASHTRA,BID,maharashtra,bid,data/ceew/district_data/maharashtra/bid/maharashtra_bid_profile.json,data/ceew/district_data/maharashtra/bid/maharashtra_bid_profile.json,data/ceew/district_data/maharashtra/bid/maharashtra_bid_metadata_config.json,data/ceew/district_data/maharashtra/bid/maharashtra_bid_metadata_config.json,False
579,Maharashtra,Gondia,maharashtra,gondia,MAHARASHTRA,GONDIA,maharashtra,gondia,data/ceew/district_data/maharashtra/gondia/maharashtra_gondia_profile.json,data/ceew/district_data/maharashtra/gondia/maharashtra_gondia_profile.json,data/ceew/district_data/maharashtra/gondia/maharashtra_gondia_metadata_config.json,data/ceew/district_data/maharashtra/gondia/maharashtra_gondia_metadata_config.json,False
580,Maharashtra,Hingoli,maharashtra,hingoli,MAHARASHTRA,HINGOLI,maharashtra,hingoli,data/ceew/district_data/maharashtra/hingoli/maharashtra_hingoli_profile.json,data/ceew/district_data/maharashtra/hingoli/maharashtra_hingoli_profile.json,data/ceew/district_data/maharashtra/hingoli/maharashtra_hingoli_metadata_config.json,data/ceew/district_data/maharashtra/hingoli/maharashtra_hingoli_metadata_config.json,False
581,Maharashtra,Nanded,maharashtra,nanded,MAHARASHTRA,NANDED,maharashtra,nanded,data/ceew/district_data/maharashtra/nanded/maharashtra_nanded_profile.json,data/ceew/district_data/maharashtra/nanded/maharashtra_nanded_profile.json,data/ceew/district_data/maharashtra/nanded/maharashtra_nanded_metadata_config.json,data/ceew/district_data/maharashtra/nanded/maharashtra_nanded_metadata_config.json,False
582,Maharashtra,Yavatmal,maharashtra,yavatmal,MAHARASHTRA,YAVATMAL,maharashtra,yavatmal,data/ceew/district_data/maharashtra/yavatmal/maharashtra_yavatmal_profile.json,data/ceew/district_data/maharashtra/yavatmal/maharashtra_yavatmal_profile.json,data/ceew/district_data/maharashtra/yavatmal/maharashtra_yavatmal_metadata_config.json,data/ceew/district_data/maharashtra/yavatmal/maharashtra_yavatmal_metadata_config.json,False
583,Maharashtra,Wardha,maharashtra,wardha,MAHARASHTRA,WARDHA,maharashtra,wardha,data/ceew/district_data/maharashtra/wardha/maharashtra_wardha_profile.json,data/ceew/district_data/maharashtra/wardha/maharashtra_wardha_profile.json,data/ceew/district_data/maharashtra/wardha/maharashtra_wardha_metadata_config.json,data/ceew/district_data/maharashtra/wardha/maharashtra_wardha_metadata_config.json,False
584,Maharashtra,Sangli,maharashtra,sangli,MAHARASHTRA,SANGLI,maharashtra,sangli,data/ceew/district_data/maharashtra/sangli/maharashtra_sangli_profile.json,data/ceew/district_data/maharashtra/sangli/maharashtra_sangli_profile.json,data/ceew/district_data/maharashtra/sangli/maharashtra_sangli_metadata_config.json,data/ceew/district_data/maharashtra/sangli/maharashtra_sangli_metadata_config.json,False
585,Maharashtra,Aurangabad,maharashtra,aurangabad,MAHARASHTRA,AURANGABAD,maharashtra,aurangabad,data/ceew/district_data/maharashtra/aurangabad/maharashtra_aurangabad_profile.json,data/ceew/district_data/maharashtra/aurangabad/maharashtra_aurangabad_profile.json,data/ceew/district_data/maharashtra/aurangabad/maharashtra_aurangabad_metadata_config.json,data/ceew/district_data/maharashtra/aurangabad/maharashtra_aurangabad_metadata_config.json,False
586,Maharashtra,Nashik,maharashtra,nashik,MAHARASHTRA,NASHIK,maharashtra,nashik,data/ceew/district_data/maharashtra/nashik/maharashtra_nashik_profile.json,data/ceew/district_data/maharashtra/nashik/maharashtra_nashik_profile.json,data/ceew/district_data/maharashtra/nashik/maharashtra_nashik_metadata_config.json,data/ceew/district_data/maharashtra/nashik/maharashtra_nashik_metadata_config.json,False
587,Maharashtra,Chandrapur,maharashtra,chandrapur,MAHARASHTRA,CHANDRAPUR,maharashtra,chandrapur,data/ceew/district_data/maharashtra/chandrapur/maharashtra_chandrapur_profile.json,data/ceew/district_data/maharashtra/chandrapur/maharashtra_chandrapur_profile.json,data/ceew/district_data/maharashtra/chandrapur/maharashtra_chandrapur_metadata_config.json,data/ceew/district_data/maharashtra/chandrapur/maharashtra_chandrapur_metadata_config.json,False
588,Maharashtra,Bhandara,maharashtra,bhandara,MAHARASHTRA,BHANDARA,maharashtra,bhandara,data/ceew/district_data/maharashtra/bhandara/maharashtra_bhandara_profile.json,data/ceew/district_data/maharashtra/bhandara/maharashtra_bhandara_profile.json,data/ceew/district_data/maharashtra/bhandara/maharashtra_bhandara_metadata_config.json,data/ceew/district_data/maharashtra/bhandara/maharashtra_bhandara_metadata_config.json,False
589,Maharashtra,Nagpur,maharashtra,nagpur,MAHARASHTRA,NAGPUR,maharashtra,nagpur,data/ceew/district_data/maharashtra/nagpur/maharashtra_nagpur_profile.json,data/ceew/district_data/maharashtra/nagpur/maharashtra_nagpur_profile.json,data/ceew/district_data/maharashtra/nagpur/maharashtra_nagpur_metadata_config.json,data/ceew/district_data/maharashtra/nagpur/maharashtra_nagpur_metadata_config.json,False
590,Maharashtra,Usmanabad,maharashtra,usmanabad,MAHARASHTRA,USMANABAD,maharashtra,usmanabad,data/ceew/district_data/maharashtra/usmanabad/maharashtra_usmanabad_profile.json,data/ceew/district_data/maharashtra/usmanabad/maharashtra_usmanabad_profile.json,data/ceew/district_data/maharashtra/usmanabad/maharashtra_usmanabad_metadata_config.json,data/ceew/district_data/maharashtra/usmanabad/maharashtra_usmanabad_metadata_config.json,False
591,Maharashtra,Buldhana,maharashtra,buldhana,MAHARASHTRA,BULDHANA,maharashtra,buldhana,data/ceew/district_data/maharashtra/buldhana/maharashtra_buldhana_profile.json,data/ceew/district_data/maharashtra/buldhana/maharashtra_buldhana_profile.json,data/ceew/district_data/maharashtra/buldhana/maharashtra_buldhana_metadata_config.json,data/ceew/district_data/maharashtra/buldhana/maharashtra_buldhana_metadata_config.json,False
592,Maharashtra,Ratnagiri,maharashtra,ratnagiri,MAHARASHTRA,RATNAGIRI,maharashtra,ratnagiri,data/ceew/district_data/maharashtra/ratnagiri/maharashtra_ratnagiri_profile.json,data/ceew/district_data/maharashtra/ratnagiri/maharashtra_ratnagiri_profile.json,data/ceew/district_data/maharashtra/ratnagiri/maharashtra_ratnagiri_metadata_config.json,data/ceew/district_data/maharashtra/ratnagiri/maharashtra_ratnagiri_metadata_config.json,False
593,Maharashtra,Sindhudurg,maharashtra,sindhudurg,MAHARASHTRA,SINDHUDURG,maharashtra,sindhudurg,data/ceew/district_data/maharashtra/sindhudurg/maharashtra_sindhudurg_profile.json,data/ceew/district_data/maharashtra/sindhudurg/maharashtra_sindhudurg_profile.json,data/ceew/district_data/maharashtra/sindhudurg/maharashtra_sindhudurg_metadata_config.json,data/ceew/district_data/maharashtra/sindhudurg/maharashtra_sindhudurg_metadata_config.json,False
594,Maharashtra,Palghar,maharashtra,palghar,MAHARASHTRA,PALGHAR,maharashtra,palghar,data/ceew/district_data/maharashtra/palghar/maharashtra_palghar_profile.json,data/ceew/district_data/maharashtra/palghar/maharashtra_palghar_profile.json,data/ceew/district_data/maharashtra/palghar/maharashtra_palghar_metadata_config.json,data/ceew/district_data/maharashtra/palghar/maharashtra_palghar_metadata_config.json,False
595,Maharashtra,Dhule,maharashtra,dhule,MAHARASHTRA,DHULE,maharashtra,dhule,data/ceew/district_data/maharashtra/dhule/maharashtra_dhule_profile.json,data/ceew/district_data/maharashtra/dhule/maharashtra_dhule_profile.json,data/ceew/district_data/maharashtra/dhule/maharashtra_dhule_metadata_config.json,data/ceew/district_data/maharashtra/dhule/maharashtra_dhule_metadata_config.json,False
596,Maharashtra,Parbhani,maharashtra,parbhani,MAHARASHTRA,PARBHANI,maharashtra,parbhani,data/ceew/district_data/maharashtra/parbhani/maharashtra_parbhani_profile.json,data/ceew/district_data/maharashtra/parbhani/maharashtra_parbhani_profile.json,data/ceew/district_data/maharashtra/parbhani/maharashtra_parbhani_metadata_config.json,data/ceew/district_data/maharashtra/parbhani/maharashtra_parbhani_metadata_config.json,False
597,Maharashtra,Satara,maharashtra,satara,MAHARASHTRA,SATARA,maharashtra,satara,data/ceew/district_data/maharashtra/satara/maharashtra_satara_profile.json,data/ceew/district_data/maharashtra/satara/maharashtra_satara_profile.json,data/ceew/district_data/maharashtra/satara/maharashtra_satara_metadata_config.json,data/ceew/district_data/maharashtra/satara/maharashtra_satara_metadata_config.json,False
598,Maharashtra,Washim,maharashtra,washim,MAHARASHTRA,WASHIM,maharashtra,washim,data/ceew/district_data/maharashtra/washim/maharashtra_washim_profile.json,data/ceew/district_data/maharashtra/washim/maharashtra_washim_profile.json,data/ceew/district_data/maharashtra/washim/maharashtra_washim_metadata_config.json,data/ceew/district_data/maharashtra/washim/maharashtra_washim_metadata_config.json,False
599,Bihar,Araria,bihar,araria,BIHAR,ARARIA,bihar,araria,data/ceew/district_data/bihar/araria/bihar_araria_profile.json,data/ceew/district_data/bihar/araria/bihar_araria_profile.json,data/ceew/district_data/bihar/araria/bihar_araria_metadata_config.json,data/ceew/district_data/bihar/araria/bihar_araria_metadata_config.json,False
600,Bihar,Bhojpur,bihar,bhojpur,BIHAR,BHOJPUR,bihar,bhojpur,data/ceew/district_data/bihar/bhojpur/bihar_bhojpur_profile.json,data/ceew/district_data/bihar/bhojpur/bihar_bhojpur_profile.json,data/ceew/district_data/bihar/bhojpur/bihar_bhojpur_metadata_config.json,data/ceew/district_data/bihar/bhojpur/bihar_bhojpur_metadata_config.json,False
601,Bihar,Purbi Champaran,bihar,purbi_champaran,BIHAR,PURBI CHAMPARAN,bihar,purbi_champaran,data/ceew/district_data/bihar/purbi_champaran/bihar_purbi_champaran_profile.json,data/ceew/district_data/bihar/purbi_champaran/bihar_purbi_champaran_profile.json,data/ceew/district_data/bihar/purbi_champaran/bihar_purbi_champaran_metadata_config.json,data/ceew/district_data/bihar/purbi_champaran/bihar_purbi_champaran_metadata_config.json,False
602,Bihar,Arwal,bihar,arwal,BIHAR,ARWAL,bihar,arwal,data/ceew/district_data/bihar/arwal/bihar_arwal_profile.json,data/ceew/district_data/bihar/arwal/bihar_arwal_profile.json,data/ceew/district_data/bihar/arwal/bihar_arwal_metadata_config.json,data/ceew/district_data/bihar/arwal/bihar_arwal_metadata_config.json,False
603,Bihar,Aurangabad,bihar,aurangabad,BIHAR,AURANGABAD,bihar,aurangabad,data/ceew/district_data/bihar/aurangabad/bihar_aurangabad_profile.json,data/ceew/district_data/bihar/aurangabad/bihar_aurangabad_profile.json,data/ceew/district_data/bihar/aurangabad/bihar_aurangabad_metadata_config.json,data/ceew/district_data/bihar/aurangabad/bihar_aurangabad_metadata_config.json,False
604,Bihar,Banka,bihar,banka,BIHAR,BANKA,bihar,banka,data/ceew/district_data/bihar/banka/bihar_banka_profile.json,data/ceew/district_data/bihar/banka/bihar_banka_profile.json,data/ceew/district_data/bihar/banka/bihar_banka_metadata_config.json,data/ceew/district_data/bihar/banka/bihar_banka_metadata_config.json,False
605,Bihar,Pashchimi Champaran,bihar,pashchimi_champaran,BIHAR,PASHCHIMI CHAMPARAN,bihar,pashchimi_champaran,data/ceew/district_data/bihar/pashchimi_champaran/bihar_pashchimi_champaran_profile.json,data/ceew/district_data/bihar/pashchimi_champaran/bihar_pashchimi_champaran_profile.json,data/ceew/district_data/bihar/pashchimi_champaran/bihar_pashchimi_champaran_metadata_config.json,data/ceew/district_data/bihar/pashchimi_champaran/bihar_pashchimi_champaran_metadata_config.json,False
606,Bihar,Purnia,bihar,purnia,BIHAR,PURNIA,bihar,purnia,data/ceew/district_data/bihar/purnia/bihar_purnia_profile.json,data/ceew/district_data/bihar/purnia/bihar_purnia_profile.json,data/ceew/district_data/bihar/purnia/bihar_purnia_metadata_config.json,data/ceew/district_data/bihar/purnia/bihar_purnia_metadata_config.json,False
607,Bihar,Begusarai,bihar,begusarai,BIHAR,BEGUSARAI,bihar,begusarai,data/ceew/district_data/bihar/begusarai/bihar_begusarai_profile.json,data/ceew/district_data/bihar/begusarai/bihar_begusarai_profile.json,data/ceew/district_data/bihar/begusarai/bihar_begusarai_metadata_config.json,data/ceew/district_data/bihar/begusarai/bihar_begusarai_metadata_config.json,False
608,Bihar,Patna,bihar,patna,BIHAR,PATNA,bihar,patna,data/ceew/district_data/bihar/patna/bihar_patna_profile.json,data/ceew/district_data/bihar/patna/bihar_patna_profile.json,data/ceew/district_data/bihar/patna/bihar_patna_metadata_config.json,data/ceew/district_data/bihar/patna/bihar_patna_metadata_config.json,False
609,Bihar,Katihar,bihar,katihar,BIHAR,KATIHAR,bihar,katihar,data/ceew/district_data/bihar/katihar/bihar_katihar_profile.json,data/ceew/district_data/bihar/katihar/bihar_katihar_profile.json,data/ceew/district_data/bihar/katihar/bihar_katihar_metadata_config.json,data/ceew/district_data/bihar/katihar/bihar_katihar_metadata_config.json,False
610,Bihar,Sitamarhi,bihar,sitamarhi,BIHAR,SITAMARHI,bihar,sitamarhi,data/ceew/district_data/bihar/sitamarhi/bihar_sitamarhi_profile.json,data/ceew/district_data/bihar/sitamarhi/bihar_sitamarhi_profile.json,data/ceew/district_data/bihar/sitamarhi/bihar_sitamarhi_metadata_config.json,data/ceew/district_data/bihar/sitamarhi/bihar_sitamarhi_metadata_config.json,False
611,Bihar,Madhubani,bihar,madhubani,BIHAR,MADHUBANI,bihar,madhubani,data/ceew/district_data/bihar/madhubani/bihar_madhubani_profile.json,data/ceew/district_data/bihar/madhubani/bihar_madhubani_profile.json,data/ceew/district_data/bihar/madhubani/bihar_madhubani_metadata_config.json,data/ceew/district_data/bihar/madhubani/bihar_madhubani_metadata_config.json,False
612,Bihar,Darbhanga,bihar,darbhanga,BIHAR,DARBHANGA,bihar,darbhanga,data/ceew/district_data/bihar/darbhanga/bihar_darbhanga_profile.json,data/ceew/district_data/bihar/darbhanga/bihar_darbhanga_profile.json,data/ceew/district_data/bihar/darbhanga/bihar_darbhanga_metadata_config.json,data/ceew/district_data/bihar/darbhanga/bihar_darbhanga_metadata_config.json,False
613,Bihar,Bhagalpur,bihar,bhagalpur,BIHAR,BHAGALPUR,bihar,bhagalpur,data/ceew/district_data/bihar/bhagalpur/bihar_bhagalpur_profile.json,data/ceew/district_data/bihar/bhagalpur/bihar_bhagalpur_profile.json,data/ceew/district_data/bihar/bhagalpur/bihar_bhagalpur_metadata_config.json,data/ceew/district_data/bihar/bhagalpur/bihar_bhagalpur_metadata_config.json,False
614,Bihar,Nalanda,bihar,nalanda,BIHAR,NALANDA,bihar,nalanda,data/ceew/district_data/bihar/nalanda/bihar_nalanda_profile.json,data/ceew/district_data/bihar/nalanda/bihar_nalanda_profile.json,data/ceew/district_data/bihar/nalanda/bihar_nalanda_metadata_config.json,data/ceew/district_data/bihar/nalanda/bihar_nalanda_metadata_config.json,False
615,Bihar,Rohtas,bihar,rohtas,BIHAR,ROHTAS,bihar,rohtas,data/ceew/district_data/bihar/rohtas/bihar_rohtas_profile.json,data/ceew/district_data/bihar/rohtas/bihar_rohtas_profile.json,data/ceew/district_data/bihar/rohtas/bihar_rohtas_metadata_config.json,data/ceew/district_data/bihar/rohtas/bihar_rohtas_metadata_config.json,False
616,Bihar,Supaul,bihar,supaul,BIHAR,SUPAUL,bihar,supaul,data/ceew/district_data/bihar/supaul/bihar_supaul_profile.json,data/ceew/district_data/bihar/supaul/bihar_supaul_profile.json,data/ceew/district_data/bihar/supaul/bihar_supaul_metadata_config.json,data/ceew/district_data/bihar/supaul/bihar_supaul_metadata_config.json,False
617,Bihar,Buxar,bihar,buxar,BIHAR,BUXAR,bihar,buxar,data/ceew/district_data/bihar/buxar/bihar_buxar_profile.json,data/ceew/district_data/bihar/buxar/bihar_buxar_profile.json,data/ceew/district_data/bihar/buxar/bihar_buxar_metadata_config.json,data/ceew/district_data/bihar/buxar/bihar_buxar_metadata_config.json,False
618,Bihar,Saran,bihar,saran,BIHAR,SARAN,bihar,saran,data/ceew/district_data/bihar/saran/bihar_saran_profile.json,data/ceew/district_data/bihar/saran/bihar_saran_profile.json,data/ceew/district_data/bihar/saran/bihar_saran_metadata_config.json,data/ceew/district_data/bihar/saran/bihar_saran_metadata_config.json,False
619,Bihar,Samastipur,bihar,samastipur,BIHAR,SAMASTIPUR,bihar,samastipur,data/ceew/district_data/bihar/samastipur/bihar_samastipur_profile.json,data/ceew/district_data/bihar/samastipur/bihar_samastipur_profile.json,data/ceew/district_data/bihar/samastipur/bihar_samastipur_metadata_config.json,data/ceew/district_data/bihar/samastipur/bihar_samastipur_metadata_config.json,False
620,Bihar,Gaya,bihar,gaya,BIHAR,GAYA,bihar,gaya,data/ceew/district_data/bihar/gaya/bihar_gaya_profile.json,data/ceew/district_data/bihar/gaya/bihar_gaya_profile.json,data/ceew/district_data/bihar/gaya/bihar_gaya_metadata_config.json,data/ceew/district_data/bihar/gaya/bihar_gaya_metadata_config.json,False
621,Bihar,Khagaria,bihar,khagaria,BIHAR,KHAGARIA,bihar,khagaria,data/ceew/district_data/bihar/khagaria/bihar_khagaria_profile.json,data/ceew/district_data/bihar/khagaria/bihar_khagaria_profile.json,data/ceew/district_data/bihar/khagaria/bihar_khagaria_metadata_config.json,data/ceew/district_data/bihar/khagaria/bihar_khagaria_metadata_config.json,False
622,Bihar,Gopalganj,bihar,gopalganj,BIHAR,GOPALGANJ,bihar,gopalganj,data/ceew/district_data/bihar/gopalganj/bihar_gopalganj_profile.json,data/ceew/district_data/bihar/gopalganj/bihar_gopalganj_profile.json,data/ceew/district_data/bihar/gopalganj/bihar_gopalganj_metadata_config.json,data/ceew/district_data/bihar/gopalganj/bihar_gopalganj_metadata_config.json,False
623,Bihar,Vaishali,bihar,vaishali,BIHAR,VAISHALI,bihar,vaishali,data/ceew/district_data/bihar/vaishali/bihar_vaishali_profile.json,data/ceew/district_data/bihar/vaishali/bihar_vaishali_profile.json,data/ceew/district_data/bihar/vaishali/bihar_vaishali_metadata_config.json,data/ceew/district_data/bihar/vaishali/bihar_vaishali_metadata_config.json,False
624,Bihar,Jahanabad,bihar,jahanabad,BIHAR,JAHANABAD,bihar,jahanabad,data/ceew/district_data/bihar/jahanabad/bihar_jahanabad_profile.json,data/ceew/district_data/bihar/jahanabad/bihar_jahanabad_profile.json,data/ceew/district_data/bihar/jahanabad/bihar_jahanabad_metadata_config.json,data/ceew/district_data/bihar/jahanabad/bihar_jahanabad_metadata_config.json,False
625,Bihar,Jamui,bihar,jamui,BIHAR,JAMUI,bihar,jamui,data/ceew/district_data/bihar/jamui/bihar_jamui_profile.json,data/ceew/district_data/bihar/jamui/bihar_jamui_profile.json,data/ceew/district_data/bihar/jamui/bihar_jamui_metadata_config.json,data/ceew/district_data/bihar/jamui/bihar_jamui_metadata_config.json,False
626,BIHAR,KAIMUR,bihar,kaimur,BIHAR,KAIMUR,bihar,kaimur,data/ceew/district_data/bihar/kaimur/bihar_kaimur_profile.json,data/ceew/district_data/bihar/kaimur/bihar_kaimur_profile.json,data/ceew/district_data/bihar/kaimur/bihar_kaimur_metadata_config.json,data/ceew/district_data/bihar/kaimur/bihar_kaimur_metadata_config.json,False
627,Bihar,Munger,bihar,munger,BIHAR,MUNGER,bihar,munger,data/ceew/district_data/bihar/munger/bihar_munger_profile.json,data/ceew/district_data/bihar/munger/bihar_munger_profile.json,data/ceew/district_data/bihar/munger/bihar_munger_metadata_config.json,data/ceew/district_data/bihar/munger/bihar_munger_metadata_config.json,False
628,Bihar,Kishanganj,bihar,kishanganj,BIHAR,KISHANGANJ,bihar,kishanganj,data/ceew/district_data/bihar/kishanganj/bihar_kishanganj_profile.json,data/ceew/district_data/bihar/kishanganj/bihar_kishanganj_profile.json,data/ceew/district_data/bihar/kishanganj/bihar_kishanganj_metadata_config.json,data/ceew/district_data/bihar/kishanganj/bihar_kishanganj_metadata_config.json,False
629,Bihar,Lakhisarai,bihar,lakhisarai,BIHAR,LAKHISARAI,bihar,lakhisarai,data/ceew/district_data/bihar/lakhisarai/bihar_lakhisarai_profile.json,data/ceew/district_data/bihar/lakhisarai/bihar_lakhisarai_profile.json,data/ceew/district_data/bihar/lakhisarai/bihar_lakhisarai_metadata_config.json,data/ceew/district_data/bihar/lakhisarai/bihar_lakhisarai_metadata_config.json,False
630,Bihar,Madhepura,bihar,madhepura,BIHAR,MADHEPURA,bihar,madhepura,data/ceew/district_data/bihar/madhepura/bihar_madhepura_profile.json,data/ceew/district_data/bihar/madhepura/bihar_madhepura_profile.json,data/ceew/district_data/bihar/madhepura/bihar_madhepura_metadata_config.json,data/ceew/district_data/bihar/madhepura/bihar_madhepura_metadata_config.json,False
631,Bihar,Siwan,bihar,siwan,BIHAR,SIWAN,bihar,siwan,data/ceew/district_data/bihar/siwan/bihar_siwan_profile.json,data/ceew/district_data/bihar/siwan/bihar_siwan_profile.json,data/ceew/district_data/bihar/siwan/bihar_siwan_metadata_config.json,data/ceew/district_data/bihar/siwan/bihar_siwan_metadata_config.json,False
632,Bihar,Nawada,bihar,nawada,BIHAR,NAWADA,bihar,nawada,data/ceew/district_data/bihar/nawada/bihar_nawada_profile.json,data/ceew/district_data/bihar/nawada/bihar_nawada_profile.json,data/ceew/district_data/bihar/nawada/bihar_nawada_metadata_config.json,data/ceew/district_data/bihar/nawada/bihar_nawada_metadata_config.json,False
633,Bihar,Muzaffarpur,bihar,muzaffarpur,BIHAR,MUZAFFARPUR,bihar,muzaffarpur,data/ceew/district_data/bihar/muzaffarpur/bihar_muzaffarpur_profile.json,data/ceew/district_data/bihar/muzaffarpur/bihar_muzaffarpur_profile.json,data/ceew/district_data/bihar/muzaffarpur/bihar_muzaffarpur_metadata_config.json,data/ceew/district_data/bihar/muzaffarpur/bihar_muzaffarpur_metadata_config.json,False
634,Bihar,Saharsa,bihar,saharsa,BIHAR,SAHARSA,bihar,saharsa,data/ceew/district_data/bihar/saharsa/bihar_saharsa_profile.json,data/ceew/district_data/bihar/saharsa/bihar_saharsa_profile.json,data/ceew/district_data/bihar/saharsa/bihar_saharsa_metadata_config.json,data/ceew/district_data/bihar/saharsa/bihar_saharsa_metadata_config.json,False
635,Bihar,Sheikhpura,bihar,sheikhpura,BIHAR,SHEIKHPURA,bihar,sheikhpura,data/ceew/district_data/bihar/sheikhpura/bihar_sheikhpura_profile.json,data/ceew/district_data/bihar/sheikhpura/bihar_sheikhpura_profile.json,data/ceew/district_data/bihar/sheikhpura/bihar_sheikhpura_metadata_config.json,data/ceew/district_data/bihar/sheikhpura/bihar_sheikhpura_metadata_config.json,False
636,Bihar,Sheohar,bihar,sheohar,BIHAR,SHEOHAR,bihar,sheohar,data/ceew/district_data/bihar/sheohar/bihar_sheohar_profile.json,data/ceew/district_data/bihar/sheohar/bihar_sheohar_profile.json,data/ceew/district_data/bihar/sheohar/bihar_sheohar_metadata_config.json,data/ceew/district_data/bihar/sheohar/bihar_sheohar_metadata_config.json,False
637,Gujarat,Anand,gujarat,anand,GUJARAT,ANAND,gujarat,anand,data/ceew/district_data/gujarat/anand/gujarat_anand_profile.json,data/ceew/district_data/gujarat/anand/gujarat_anand_profile.json,data/ceew/district_data/gujarat/anand/gujarat_anand_metadata_config.json,data/ceew/district_data/gujarat/anand/gujarat_anand_metadata_config.json,False
638,Gujarat,Dangs,gujarat,dangs,GUJARAT,DANGS,gujarat,dangs,data/ceew/district_data/gujarat/dangs/gujarat_dangs_profile.json,data/ceew/district_data/gujarat/dangs/gujarat_dangs_profile.json,data/ceew/district_data/gujarat/dangs/gujarat_dangs_metadata_config.json,data/ceew/district_data/gujarat/dangs/gujarat_dangs_metadata_config.json,False
639,Gujarat,Kachchh,gujarat,kachchh,GUJARAT,KACHCHH,gujarat,kachchh,data/ceew/district_data/gujarat/kachchh/gujarat_kachchh_profile.json,data/ceew/district_data/gujarat/kachchh/gujarat_kachchh_profile.json,data/ceew/district_data/gujarat/kachchh/gujarat_kachchh_metadata_config.json,data/ceew/district_data/gujarat/kachchh/gujarat_kachchh_metadata_config.json,False
640,Gujarat,Ahmadabad,gujarat,ahmadabad,GUJARAT,AHMADABAD,gujarat,ahmadabad,data/ceew/district_data/gujarat/ahmadabad/gujarat_ahmadabad_profile.json,data/ceew/district_data/gujarat/ahmadabad/gujarat_ahmadabad_profile.json,data/ceew/district_data/gujarat/ahmadabad/gujarat_ahmadabad_metadata_config.json,data/ceew/district_data/gujarat/ahmadabad/gujarat_ahmadabad_metadata_config.json,False
641,Gujarat,Bharuch,gujarat,bharuch,GUJARAT,BHARUCH,gujarat,bharuch,data/ceew/district_data/gujarat/bharuch/gujarat_bharuch_profile.json,data/ceew/district_data/gujarat/bharuch/gujarat_bharuch_profile.json,data/ceew/district_data/gujarat/bharuch/gujarat_bharuch_metadata_config.json,data/ceew/district_data/gujarat/bharuch/gujarat_bharuch_metadata_config.json,False
642,Gujarat,Amreli,gujarat,amreli,GUJARAT,AMRELI,gujarat,amreli,data/ceew/district_data/gujarat/amreli/gujarat_amreli_profile.json,data/ceew/district_data/gujarat/amreli/gujarat_amreli_profile.json,data/ceew/district_data/gujarat/amreli/gujarat_amreli_metadata_config.json,data/ceew/district_data/gujarat/amreli/gujarat_amreli_metadata_config.json,False
643,Gujarat,Banas Kantha,gujarat,banas_kantha,GUJARAT,BANAS KANTHA,gujarat,banas_kantha,data/ceew/district_data/gujarat/banas_kantha/gujarat_banas_kantha_profile.json,data/ceew/district_data/gujarat/banas_kantha/gujarat_banas_kantha_profile.json,data/ceew/district_data/gujarat/banas_kantha/gujarat_banas_kantha_metadata_config.json,data/ceew/district_data/gujarat/banas_kantha/gujarat_banas_kantha_metadata_config.json,False
644,Gujarat,Mahisagar,gujarat,mahisagar,GUJARAT,MAHISAGAR,gujarat,mahisagar,data/ceew/district_data/gujarat/mahisagar/gujarat_mahisagar_profile.json,data/ceew/district_data/gujarat/mahisagar/gujarat_mahisagar_profile.json,data/ceew/district_data/gujarat/mahisagar/gujarat_mahisagar_metadata_config.json,data/ceew/district_data/gujarat/mahisagar/gujarat_mahisagar_metadata_config.json,False
645,Gujarat,Navsari,gujarat,navsari,GUJARAT,NAVSARI,gujarat,navsari,data/ceew/district_data/gujarat/navsari/gujarat_navsari_profile.json,data/ceew/district_data/gujarat/navsari/gujarat_navsari_profile.json,data/ceew/district_data/gujarat/navsari/gujarat_navsari_metadata_config.json,data/ceew/district_data/gujarat/navsari/gujarat_navsari_metadata_config.json,False
646,Gujarat,Surat,gujarat,surat,GUJARAT,SURAT,gujarat,surat,data/ceew/district_data/gujarat/surat/gujarat_surat_profile.json,data/ceew/district_data/gujarat/surat/gujarat_surat_profile.json,data/ceew/district_data/gujarat/surat/gujarat_surat_metadata_config.json,data/ceew/district_data/gujarat/surat/gujarat_surat_metadata_config.json,False
647,Gujarat,Botad,gujarat,botad,GUJARAT,BOTAD,gujarat,botad,data/ceew/district_data/gujarat/botad/gujarat_botad_profile.json,data/ceew/district_data/gujarat/botad/gujarat_botad_profile.json,data/ceew/district_data/gujarat/botad/gujarat_botad_metadata_config.json,data/ceew/district_data/gujarat/botad/gujarat_botad_metadata_config.json,False
648,Gujarat,Aravalli,gujarat,aravalli,GUJARAT,ARAVALLI,gujarat,aravalli,data/ceew/district_data/gujarat/aravalli/gujarat_aravalli_profile.json,data/ceew/district_data/gujarat/aravalli/gujarat_aravalli_profile.json,data/ceew/district_data/gujarat/aravalli/gujarat_aravalli_metadata_config.json,data/ceew/district_data/gujarat/aravalli/gujarat_aravalli_metadata_config.json,False
649,Gujarat,Mahesana,gujarat,mahesana,GUJARAT,MAHESANA,gujarat,mahesana,data/ceew/district_data/gujarat/mahesana/gujarat_mahesana_profile.json,data/ceew/district_data/gujarat/mahesana/gujarat_mahesana_profile.json,data/ceew/district_data/gujarat/mahesana/gujarat_mahesana_metadata_config.json,data/ceew/district_data/gujarat/mahesana/gujarat_mahesana_metadata_config.json,False
650,Gujarat,Bhavnagar,gujarat,bhavnagar,GUJARAT,BHAVNAGAR,gujarat,bhavnagar,data/ceew/district_data/gujarat/bhavnagar/gujarat_bhavnagar_profile.json,data/ceew/district_data/gujarat/bhavnagar/gujarat_bhavnagar_profile.json,data/ceew/district_data/gujarat/bhavnagar/gujarat_bhavnagar_metadata_config.json,data/ceew/district_data/gujarat/bhavnagar/gujarat_bhavnagar_metadata_config.json,False
651,Gujarat,Devbhumi Dwarka,gujarat,devbhumi_dwarka,GUJARAT,DEVBHUMI DWARKA,gujarat,devbhumi_dwarka,data/ceew/district_data/gujarat/devbhumi_dwarka/gujarat_devbhumi_dwarka_profile.json,data/ceew/district_data/gujarat/devbhumi_dwarka/gujarat_devbhumi_dwarka_profile.json,data/ceew/district_data/gujarat/devbhumi_dwarka/gujarat_devbhumi_dwarka_metadata_config.json,data/ceew/district_data/gujarat/devbhumi_dwarka/gujarat_devbhumi_dwarka_metadata_config.json,False
652,Gujarat,Junagadh,gujarat,junagadh,GUJARAT,JUNAGADH,gujarat,junagadh,data/ceew/district_data/gujarat/junagadh/gujarat_junagadh_profile.json,data/ceew/district_data/gujarat/junagadh/gujarat_junagadh_profile.json,data/ceew/district_data/gujarat/junagadh/gujarat_junagadh_metadata_config.json,data/ceew/district_data/gujarat/junagadh/gujarat_junagadh_metadata_config.json,False
653,Gujarat,Chhota Udepur,gujarat,chhota_udepur,GUJARAT,CHHOTA UDEPUR,gujarat,chhota_udepur,data/ceew/district_data/gujarat/chhota_udepur/gujarat_chhota_udepur_profile.json,data/ceew/district_data/gujarat/chhota_udepur/gujarat_chhota_udepur_profile.json,data/ceew/district_data/gujarat/chhota_udepur/gujarat_chhota_udepur_metadata_config.json,data/ceew/district_data/gujarat/chhota_udepur/gujarat_chhota_udepur_metadata_config.json,False
654,Gujarat,Patan,gujarat,patan,GUJARAT,PATAN,gujarat,patan,data/ceew/district_data/gujarat/patan/gujarat_patan_profile.json,data/ceew/district_data/gujarat/patan/gujarat_patan_profile.json,data/ceew/district_data/gujarat/patan/gujarat_patan_metadata_config.json,data/ceew/district_data/gujarat/patan/gujarat_patan_metadata_config.json,False
655,Gujarat,Surendranagar,gujarat,surendranagar,GUJARAT,SURENDRANAGAR,gujarat,surendranagar,data/ceew/district_data/gujarat/surendranagar/gujarat_surendranagar_profile.json,data/ceew/district_data/gujarat/surendranagar/gujarat_surendranagar_profile.json,data/ceew/district_data/gujarat/surendranagar/gujarat_surendranagar_metadata_config.json,data/ceew/district_data/gujarat/surendranagar/gujarat_surendranagar_metadata_config.json,False
656,Gujarat,Dahod,gujarat,dahod,GUJARAT,DAHOD,gujarat,dahod,data/ceew/district_data/gujarat/dahod/gujarat_dahod_profile.json,data/ceew/district_data/gujarat/dahod/gujarat_dahod_profile.json,data/ceew/district_data/gujarat/dahod/gujarat_dahod_metadata_config.json,data/ceew/district_data/gujarat/dahod/gujarat_dahod_metadata_config.json,False
657,Gujarat,Vadodara,gujarat,vadodara,GUJARAT,VADODARA,gujarat,vadodara,data/ceew/district_data/gujarat/vadodara/gujarat_vadodara_profile.json,data/ceew/district_data/gujarat/vadodara/gujarat_vadodara_profile.json,data/ceew/district_data/gujarat/vadodara/gujarat_vadodara_metadata_config.json,data/ceew/district_data/gujarat/vadodara/gujarat_vadodara_metadata_config.json,False
658,Gujarat,Narmada,gujarat,narmada,GUJARAT,NARMADA,gujarat,narmada,data/ceew/district_data/gujarat/narmada/gujarat_narmada_profile.json,data/ceew/district_data/gujarat/narmada/gujarat_narmada_profile.json,data/ceew/district_data/gujarat/narmada/gujarat_narmada_metadata_config.json,data/ceew/district_data/gujarat/narmada/gujarat_narmada_metadata_config.json,False
659,Gujarat,Gandhinagar,gujarat,gandhinagar,GUJARAT,GANDHINAGAR,gujarat,gandhinagar,data/ceew/district_data/gujarat/gandhinagar/gujarat_gandhinagar_profile.json,data/ceew/district_data/gujarat/gandhinagar/gujarat_gandhinagar_profile.json,data/ceew/district_data/gujarat/gandhinagar/gujarat_gandhinagar_metadata_config.json,data/ceew/district_data/gujarat/gandhinagar/gujarat_gandhinagar_metadata_config.json,False
660,Gujarat,Valsad,gujarat,valsad,GUJARAT,VALSAD,gujarat,valsad,data/ceew/district_data/gujarat/valsad/gujarat_valsad_profile.json,data/ceew/district_data/gujarat/valsad/gujarat_valsad_profile.json,data/ceew/district_data/gujarat/valsad/gujarat_valsad_metadata_config.json,data/ceew/district_data/gujarat/valsad/gujarat_valsad_metadata_config.json,False
661,Gujarat,Rajkot,gujarat,rajkot,GUJARAT,RAJKOT,gujarat,rajkot,data/ceew/district_data/gujarat/rajkot/gujarat_rajkot_profile.json,data/ceew/district_data/gujarat/rajkot/gujarat_rajkot_profile.json,data/ceew/district_data/gujarat/rajkot/gujarat_rajkot_metadata_config.json,data/ceew/district_data/gujarat/rajkot/gujarat_rajkot_metadata_config.json,False
662,Gujarat,Jamnagar,gujarat,jamnagar,GUJARAT,JAMNAGAR,gujarat,jamnagar,data/ceew/district_data/gujarat/jamnagar/gujarat_jamnagar_profile.json,data/ceew/district_data/gujarat/jamnagar/gujarat_jamnagar_profile.json,data/ceew/district_data/gujarat/jamnagar/gujarat_jamnagar_metadata_config.json,data/ceew/district_data/gujarat/jamnagar/gujarat_jamnagar_metadata_config.json,False
664,Gujarat,Kheda,gujarat,kheda,GUJARAT,KHEDA,gujarat,kheda,data/ceew/district_data/gujarat/kheda/gujarat_kheda_profile.json,data/ceew/district_data/gujarat/kheda/gujarat_kheda_profile.json,data/ceew/district_data/gujarat/kheda/gujarat_kheda_metadata_config.json,data/ceew/district_data/gujarat/kheda/gujarat_kheda_metadata_config.json,False
665,Gujarat,Panch Mahals,gujarat,panch_mahals,GUJARAT,PANCH MAHALS,gujarat,panch_mahals,data/ceew/district_data/gujarat/panch_mahals/gujarat_panch_mahals_profile.json,data/ceew/district_data/gujarat/panch_mahals/gujarat_panch_mahals_profile.json,data/ceew/district_data/gujarat/panch_mahals/gujarat_panch_mahals_metadata_config.json,data/ceew/district_data/gujarat/panch_mahals/gujarat_panch_mahals_metadata_config.json,False
666,Gujarat,Gir Somnath,gujarat,gir_somnath,GUJARAT,GIR SOMNATH,gujarat,gir_somnath,data/ceew/district_data/gujarat/gir_somnath/gujarat_gir_somnath_profile.json,data/ceew/district_data/gujarat/gir_somnath/gujarat_gir_somnath_profile.json,data/ceew/district_data/gujarat/gir_somnath/gujarat_gir_somnath_metadata_config.json,data/ceew/district_data/gujarat/gir_somnath/gujarat_gir_somnath_metadata_config.json,False
667,Gujarat,Morbi,gujarat,morbi,GUJARAT,MORBI,gujarat,morbi,data/ceew/district_data/gujarat/morbi/gujarat_morbi_profile.json,data/ceew/district_data/gujarat/morbi/gujarat_morbi_profile.json,data/ceew/district_data/gujarat/morbi/gujarat_morbi_metadata_config.json,data/ceew/district_data/gujarat/morbi/gujarat_morbi_metadata_config.json,False
668,Gujarat,Sabar Kantha,gujarat,sabar_kantha,GUJARAT,SABAR KANTHA,gujarat,sabar_kantha,data/ceew/district_data/gujarat/sabar_kantha/gujarat_sabar_kantha_profile.json,data/ceew/district_data/gujarat/sabar_kantha/gujarat_sabar_kantha_profile.json,data/ceew/district_data/gujarat/sabar_kantha/gujarat_sabar_kantha_metadata_config.json,data/ceew/district_data/gujarat/sabar_kantha/gujarat_sabar_kantha_metadata_config.json,False
669,Gujarat,Porbandar,gujarat,porbandar,GUJARAT,PORBANDAR,gujarat,porbandar,data/ceew/district_data/gujarat/porbandar/gujarat_porbandar_profile.json,data/ceew/district_data/gujarat/porbandar/gujarat_porbandar_profile.json,data/ceew/district_data/gujarat/porbandar/gujarat_porbandar_metadata_config.json,data/ceew/district_data/gujarat/porbandar/gujarat_porbandar_metadata_config.json,False
670,Gujarat,Tapi,gujarat,tapi,GUJARAT,TAPI,gujarat,tapi,data/ceew/district_data/gujarat/tapi/gujarat_tapi_profile.json,data/ceew/district_data/gujarat/tapi/gujarat_tapi_profile.json,data/ceew/district_data/gujarat/tapi/gujarat_tapi_metadata_config.json,data/ceew/district_data/gujarat/tapi/gujarat_tapi_metadata_config.json,False
671,Punjab,Amritsar,punjab,amritsar,PUNJAB,AMRITSAR,punjab,amritsar,data/ceew/district_data/punjab/amritsar/punjab_amritsar_profile.json,data/ceew/district_data/punjab/amritsar/punjab_amritsar_profile.json,data/ceew/district_data/punjab/amritsar/punjab_amritsar_metadata_config.json,data/ceew/district_data/punjab/amritsar/punjab_amritsar_metadata_config.json,False
672,Punjab,Barnala,punjab,barnala,PUNJAB,BARNALA,punjab,barnala,data/ceew/district_data/punjab/barnala/punjab_barnala_profile.json,data/ceew/district_data/punjab/barnala/punjab_barnala_profile.json,data/ceew/district_data/punjab/barnala/punjab_barnala_metadata_config.json,data/ceew/district_data/punjab/barnala/punjab_barnala_metadata_config.json,False
673,Punjab,Bathinda,punjab,bathinda,PUNJAB,BATHINDA,punjab,bathinda,data/ceew/district_data/punjab/bathinda/punjab_bathinda_profile.json,data/ceew/district_data/punjab/bathinda/punjab_bathinda_profile.json,data/ceew/district_data/punjab/bathinda/punjab_bathinda_metadata_config.json,data/ceew/district_data/punjab/bathinda/punjab_bathinda_metadata_config.json,False
674,Punjab,Faridkot,punjab,faridkot,PUNJAB,FARIDKOT,punjab,faridkot,data/ceew/district_data/punjab/faridkot/punjab_faridkot_profile.json,data/ceew/district_data/punjab/faridkot/punjab_faridkot_profile.json,data/ceew/district_data/punjab/faridkot/punjab_faridkot_metadata_config.json,data/ceew/district_data/punjab/faridkot/punjab_faridkot_metadata_config.json,False
675,Punjab,Fatehgarh Sahib,punjab,fatehgarh_sahib,PUNJAB,FATEHGARH SAHIB,punjab,fatehgarh_sahib,data/ceew/district_data/punjab/fatehgarh_sahib/punjab_fatehgarh_sahib_profile.json,data/ceew/district_data/punjab/fatehgarh_sahib/punjab_fatehgarh_sahib_profile.json,data/ceew/district_data/punjab/fatehgarh_sahib/punjab_fatehgarh_sahib_metadata_config.json,data/ceew/district_data/punjab/fatehgarh_sahib/punjab_fatehgarh_sahib_metadata_config.json,False
676,Punjab,Fazilka,punjab,fazilka,PUNJAB,FAZILKA,punjab,fazilka,data/ceew/district_data/punjab/fazilka/punjab_fazilka_profile.json,data/ceew/district_data/punjab/fazilka/punjab_fazilka_profile.json,data/ceew/district_data/punjab/fazilka/punjab_fazilka_metadata_config.json,data/ceew/district_data/punjab/fazilka/punjab_fazilka_metadata_config.json,False
677,Punjab,Firozpur,punjab,firozpur,PUNJAB,FIROZPUR,punjab,firozpur,data/ceew/district_data/punjab/firozpur/punjab_firozpur_profile.json,data/ceew/district_data/punjab/firozpur/punjab_firozpur_profile.json,data/ceew/district_data/punjab/firozpur/punjab_firozpur_metadata_config.json,data/ceew/district_data/punjab/firozpur/punjab_firozpur_metadata_config.json,False
678,Punjab,Gurdaspur,punjab,gurdaspur,PUNJAB,GURDASPUR,punjab,gurdaspur,data/ceew/district_data/punjab/gurdaspur/punjab_gurdaspur_profile.json,data/ceew/district_data/punjab/gurdaspur/punjab_gurdaspur_profile.json,data/ceew/district_data/punjab/gurdaspur/punjab_gurdaspur_metadata_config.json,data/ceew/district_data/punjab/gurdaspur/punjab_gurdaspur_metadata_config.json,False
679,Punjab,Hoshiarpur,punjab,hoshiarpur,PUNJAB,HOSHIARPUR,punjab,hoshiarpur,data/ceew/district_data/punjab/hoshiarpur/punjab_hoshiarpur_profile.json,data/ceew/district_data/punjab/hoshiarpur/punjab_hoshiarpur_profile.json,data/ceew/district_data/punjab/hoshiarpur/punjab_hoshiarpur_metadata_config.json,data/ceew/district_data/punjab/hoshiarpur/punjab_hoshiarpur_metadata_config.json,False
680,Punjab,Jalandhar,punjab,jalandhar,PUNJAB,JALANDHAR,punjab,jalandhar,data/ceew/district_data/punjab/jalandhar/punjab_jalandhar_profile.json,data/ceew/district_data/punjab/jalandhar/punjab_jalandhar_profile.json,data/ceew/district_data/punjab/jalandhar/punjab_jalandhar_metadata_config.json,data/ceew/district_data/punjab/jalandhar/punjab_jalandhar_metadata_config.json,False
681,Punjab,Kapurthala,punjab,kapurthala,PUNJAB,KAPURTHALA,punjab,kapurthala,data/ceew/district_data/punjab/kapurthala/punjab_kapurthala_profile.json,data/ceew/district_data/punjab/kapurthala/punjab_kapurthala_profile.json,data/ceew/district_data/punjab/kapurthala/punjab_kapurthala_metadata_config.json,data/ceew/district_data/punjab/kapurthala/punjab_kapurthala_metadata_config.json,False
682,Punjab,Ludhiana,punjab,ludhiana,PUNJAB,LUDHIANA,punjab,ludhiana,data/ceew/district_data/punjab/ludhiana/punjab_ludhiana_profile.json,data/ceew/district_data/punjab/ludhiana/punjab_ludhiana_profile.json,data/ceew/district_data/punjab/ludhiana/punjab_ludhiana_metadata_config.json,data/ceew/district_data/punjab/ludhiana/punjab_ludhiana_metadata_config.json,False
683,Punjab,Mansa,punjab,mansa,PUNJAB,MANSA,punjab,mansa,data/ceew/district_data/punjab/mansa/punjab_mansa_profile.json,data/ceew/district_data/punjab/mansa/punjab_mansa_profile.json,data/ceew/district_data/punjab/mansa/punjab_mansa_metadata_config.json,data/ceew/district_data/punjab/mansa/punjab_mansa_metadata_config.json,False
684,Punjab,Moga,punjab,moga,PUNJAB,MOGA,punjab,moga,data/ceew/district_data/punjab/moga/punjab_moga_profile.json,data/ceew/district_data/punjab/moga/punjab_moga_profile.json,data/ceew/district_data/punjab/moga/punjab_moga_metadata_config.json,data/ceew/district_data/punjab/moga/punjab_moga_metadata_config.json,False
685,Punjab,Sas Nagar (Sahibzada Ajit Singh Nagar),punjab,sas_nagar_sahibzada_ajit_singh_nagar,PUNJAB,SAS NAGAR (SAHIBZADA AJIT SINGH NAGAR),punjab,sas_nagar_sahibzada_ajit_singh_nagar,data/ceew/district_data/punjab/sas_nagar_sahibzada_ajit_singh_nagar/punjab_sas_nagar_sahibzada_ajit_singh_nagar_profile.json,data/ceew/district_data/punjab/sas_nagar_sahibzada_ajit_singh_nagar/punjab_sas_nagar_sahibzada_ajit_singh_nagar_profile.json,data/ceew/district_data/punjab/sas_nagar_sahibzada_ajit_singh_nagar/punjab_sas_nagar_sahibzada_ajit_singh_nagar_metadata_config.json,data/ceew/district_data/punjab/sas_nagar_sahibzada_ajit_singh_nagar/punjab_sas_nagar_sahibzada_ajit_singh_nagar_metadata_config.json,False
686,Punjab,Sri Muktsar Sahib,punjab,sri_muktsar_sahib,PUNJAB,SRI MUKTSAR SAHIB,punjab,sri_muktsar_sahib,data/ceew/district_data/punjab/sri_muktsar_sahib/punjab_sri_muktsar_sahib_profile.json,data/ceew/district_data/punjab/sri_muktsar_sahib/punjab_sri_muktsar_sahib_profile.json,data/ceew/district_data/punjab/sri_muktsar_sahib/punjab_sri_muktsar_sahib_metadata_config.json,data/ceew/district_data/punjab/sri_muktsar_sahib/punjab_sri_muktsar_sahib_metadata_config.json,False
687,Punjab,Pathankot,punjab,pathankot,PUNJAB,PATHANKOT,punjab,pathankot,data/ceew/district_data/punjab/pathankot/punjab_pathankot_profile.json,data/ceew/district_data/punjab/pathankot/punjab_pathankot_profile.json,data/ceew/district_data/punjab/pathankot/punjab_pathankot_metadata_config.json,data/ceew/district_data/punjab/pathankot/punjab_pathankot_metadata_config.json,False
688,Punjab,Patiala,punjab,patiala,PUNJAB,PATIALA,punjab,patiala,data/ceew/district_data/punjab/patiala/punjab_patiala_profile.json,data/ceew/district_data/punjab/patiala/punjab_patiala_profile.json,data/ceew/district_data/punjab/patiala/punjab_patiala_metadata_config.json,data/ceew/district_data/punjab/patiala/punjab_patiala_metadata_config.json,False
689,Punjab,Rupnagar,punjab,rupnagar,PUNJAB,RUPNAGAR,punjab,rupnagar,data/ceew/district_data/punjab/rupnagar/punjab_rupnagar_profile.json,data/ceew/district_data/punjab/rupnagar/punjab_rupnagar_profile.json,data/ceew/district_data/punjab/rupnagar/punjab_rupnagar_metadata_config.json,data/ceew/district_data/punjab/rupnagar/punjab_rupnagar_metadata_config.json,False
690,Punjab,Sangrur,punjab,sangrur,PUNJAB,SANGRUR,punjab,sangrur,data/ceew/district_data/punjab/sangrur/punjab_sangrur_profile.json,data/ceew/district_data/punjab/sangrur/punjab_sangrur_profile.json,data/ceew/district_data/punjab/sangrur/punjab_sangrur_metadata_config.json,data/ceew/district_data/punjab/sangrur/punjab_sangrur_metadata_config.json,False
691,Punjab,Shahid Bhagat Singh Nagar,punjab,shahid_bhagat_singh_nagar,PUNJAB,SHAHID BHAGAT SINGH NAGAR,punjab,shahid_bhagat_singh_nagar,data/ceew/district_data/punjab/shahid_bhagat_singh_nagar/punjab_shahid_bhagat_singh_nagar_profile.json,data/ceew/district_data/punjab/shahid_bhagat_singh_nagar/punjab_shahid_bhagat_singh_nagar_profile.json,data/ceew/district_data/punjab/shahid_bhagat_singh_nagar/punjab_shahid_bhagat_singh_nagar_metadata_config.json,data/ceew/district_data/punjab/shahid_bhagat_singh_nagar/punjab_shahid_bhagat_singh_nagar_metadata_config.json,False
692,Punjab,Tarn Taran,punjab,tarn_taran,PUNJAB,TARN TARAN,punjab,tarn_taran,data/ceew/district_data/punjab/tarn_taran/punjab_tarn_taran_profile.json,data/ceew/district_data/punjab/tarn_taran/punjab_tarn_taran_profile.json,data/ceew/district_data/punjab/tarn_taran/punjab_tarn_taran_metadata_config.json,data/ceew/district_data/punjab/tarn_taran/punjab_tarn_taran_metadata_config.json,False
693,Haryana,Faridabad,haryana,faridabad,HARYANA,FARIDABAD,haryana,faridabad,data/ceew/district_data/haryana/faridabad/haryana_faridabad_profile.json,data/ceew/district_data/haryana/faridabad/haryana_faridabad_profile.json,data/ceew/district_data/haryana/faridabad/haryana_faridabad_metadata_config.json,data/ceew/district_data/haryana/faridabad/haryana_faridabad_metadata_config.json,False
694,Haryana,Bhiwani,haryana,bhiwani,HARYANA,BHIWANI,haryana,bhiwani,data/ceew/district_data/haryana/bhiwani/haryana_bhiwani_profile.json,data/ceew/district_data/haryana/bhiwani/haryana_bhiwani_profile.json,data/ceew/district_data/haryana/bhiwani/haryana_bhiwani_metadata_config.json,data/ceew/district_data/haryana/bhiwani/haryana_bhiwani_metadata_config.json,False
695,Haryana,Hisar,haryana,hisar,HARYANA,HISAR,haryana,hisar,data/ceew/district_data/haryana/hisar/haryana_hisar_profile.json,data/ceew/district_data/haryana/hisar/haryana_hisar_profile.json,data/ceew/district_data/haryana/hisar/haryana_hisar_metadata_config.json,data/ceew/district_data/haryana/hisar/haryana_hisar_metadata_config.json,False
696,Haryana,Karnal,haryana,karnal,HARYANA,KARNAL,haryana,karnal,data/ceew/district_data/haryana/karnal/haryana_karnal_profile.json,data/ceew/district_data/haryana/karnal/haryana_karnal_profile.json,data/ceew/district_data/haryana/karnal/haryana_karnal_metadata_config.json,data/ceew/district_data/haryana/karnal/haryana_karnal_metadata_config.json,False
697,Haryana,Ambala,haryana,ambala,HARYANA,AMBALA,haryana,ambala,data/ceew/district_data/haryana/ambala/haryana_ambala_profile.json,data/ceew/district_data/haryana/ambala/haryana_ambala_profile.json,data/ceew/district_data/haryana/ambala/haryana_ambala_metadata_config.json,data/ceew/district_data/haryana/ambala/haryana_ambala_metadata_config.json,False
698,Haryana,Mahendragarh,haryana,mahendragarh,HARYANA,MAHENDRAGARH,haryana,mahendragarh,data/ceew/district_data/haryana/mahendragarh/haryana_mahendragarh_profile.json,data/ceew/district_data/haryana/mahendragarh/haryana_mahendragarh_profile.json,data/ceew/district_data/haryana/mahendragarh/haryana_mahendragarh_metadata_config.json,data/ceew/district_data/haryana/mahendragarh/haryana_mahendragarh_metadata_config.json,False
699,Haryana,Charkhi Dadri,haryana,charkhi_dadri,HARYANA,CHARKHI DADRI,haryana,charkhi_dadri,data/ceew/district_data/haryana/charkhi_dadri/haryana_charkhi_dadri_profile.json,data/ceew/district_data/haryana/charkhi_dadri/haryana_charkhi_dadri_profile.json,data/ceew/district_data/haryana/charkhi_dadri/haryana_charkhi_dadri_metadata_config.json,data/ceew/district_data/haryana/charkhi_dadri/haryana_charkhi_dadri_metadata_config.json,False
700,Haryana,Rewari,haryana,rewari,HARYANA,REWARI,haryana,rewari,data/ceew/district_data/haryana/rewari/haryana_rewari_profile.json,data/ceew/district_data/haryana/rewari/haryana_rewari_profile.json,data/ceew/district_data/haryana/rewari/haryana_rewari_metadata_config.json,data/ceew/district_data/haryana/rewari/haryana_rewari_metadata_config.json,False
701,Haryana,Jhajjar,haryana,jhajjar,HARYANA,JHAJJAR,haryana,jhajjar,data/ceew/district_data/haryana/jhajjar/haryana_jhajjar_profile.json,data/ceew/district_data/haryana/jhajjar/haryana_jhajjar_profile.json,data/ceew/district_data/haryana/jhajjar/haryana_jhajjar_metadata_config.json,data/ceew/district_data/haryana/jhajjar/haryana_jhajjar_metadata_config.json,False
702,Haryana,Panipat,haryana,panipat,HARYANA,PANIPAT,haryana,panipat,data/ceew/district_data/haryana/panipat/haryana_panipat_profile.json,data/ceew/district_data/haryana/panipat/haryana_panipat_profile.json,data/ceew/district_data/haryana/panipat/haryana_panipat_metadata_config.json,data/ceew/district_data/haryana/panipat/haryana_panipat_metadata_config.json,False
703,Haryana,Yamunanagar,haryana,yamunanagar,HARYANA,YAMUNANAGAR,haryana,yamunanagar,data/ceew/district_data/haryana/yamunanagar/haryana_yamunanagar_profile.json,data/ceew/district_data/haryana/yamunanagar/haryana_yamunanagar_profile.json,data/ceew/district_data/haryana/yamunanagar/haryana_yamunanagar_metadata_config.json,data/ceew/district_data/haryana/yamunanagar/haryana_yamunanagar_metadata_config.json,False
704,Haryana,Sirsa,haryana,sirsa,HARYANA,SIRSA,haryana,sirsa,data/ceew/district_data/haryana/sirsa/haryana_sirsa_profile.json,data/ceew/district_data/haryana/sirsa/haryana_sirsa_profile.json,data/ceew/district_data/haryana/sirsa/haryana_sirsa_metadata_config.json,data/ceew/district_data/haryana/sirsa/haryana_sirsa_metadata_config.json,False
705,Haryana,Fatehabad,haryana,fatehabad,HARYANA,FATEHABAD,haryana,fatehabad,data/ceew/district_data/haryana/fatehabad/haryana_fatehabad_profile.json,data/ceew/district_data/haryana/fatehabad/haryana_fatehabad_profile.json,data/ceew/district_data/haryana/fatehabad/haryana_fatehabad_metadata_config.json,data/ceew/district_data/haryana/fatehabad/haryana_fatehabad_metadata_config.json,False
706,Haryana,Mewat,haryana,mewat,HARYANA,MEWAT,haryana,mewat,data/ceew/district_data/haryana/mewat/haryana_mewat_profile.json,data/ceew/district_data/haryana/mewat/haryana_mewat_profile.json,data/ceew/district_data/haryana/mewat/haryana_mewat_metadata_config.json,data/ceew/district_data/haryana/mewat/haryana_mewat_metadata_config.json,False
707,Haryana,Kaithal,haryana,kaithal,HARYANA,KAITHAL,haryana,kaithal,data/ceew/district_data/haryana/kaithal/haryana_kaithal_profile.json,data/ceew/district_data/haryana/kaithal/haryana_kaithal_profile.json,data/ceew/district_data/haryana/kaithal/haryana_kaithal_metadata_config.json,data/ceew/district_data/haryana/kaithal/haryana_kaithal_metadata_config.json,False
708,Haryana,Sonipat,haryana,sonipat,HARYANA,SONIPAT,haryana,sonipat,data/ceew/district_data/haryana/sonipat/haryana_sonipat_profile.json,data/ceew/district_data/haryana/sonipat/haryana_sonipat_profile.json,data/ceew/district_data/haryana/sonipat/haryana_sonipat_metadata_config.json,data/ceew/district_data/haryana/sonipat/haryana_sonipat_metadata_config.json,False
709,Haryana,Gurugram,haryana,gurugram,HARYANA,GURUGRAM,haryana,gurugram,data/ceew/district_data/haryana/gurugram/haryana_gurugram_profile.json,data/ceew/district_data/haryana/gurugram/haryana_gurugram_profile.json,data/ceew/district_data/haryana/gurugram/haryana_gurugram_metadata_config.json,data/ceew/district_data/haryana/gurugram/haryana_gurugram_metadata_config.json,False
710,Haryana,Palwal,haryana,palwal,HARYANA,PALWAL,haryana,palwal,data/ceew/district_data/haryana/palwal/haryana_palwal_profile.json,data/ceew/district_data/haryana/palwal/haryana_palwal_profile.json,data/ceew/district_data/haryana/palwal/haryana_palwal_metadata_config.json,data/ceew/district_data/haryana/palwal/haryana_palwal_metadata_config.json,False
711,Haryana,Jind,haryana,jind,HARYANA,JIND,haryana,jind,data/ceew/district_data/haryana/jind/haryana_jind_profile.json,data/ceew/district_data/haryana/jind/haryana_jind_profile.json,data/ceew/district_data/haryana/jind/haryana_jind_metadata_config.json,data/ceew/district_data/haryana/jind/haryana_jind_metadata_config.json,False
712,Haryana,Panchkula,haryana,panchkula,HARYANA,PANCHKULA,haryana,panchkula,data/ceew/district_data/haryana/panchkula/haryana_panchkula_profile.json,data/ceew/district_data/haryana/panchkula/haryana_panchkula_profile.json,data/ceew/district_data/haryana/panchkula/haryana_panchkula_metadata_config.json,data/ceew/district_data/haryana/panchkula/haryana_panchkula_metadata_config.json,False
713,Haryana,Rohtak,haryana,rohtak,HARYANA,ROHTAK,haryana,rohtak,data/ceew/district_data/haryana/rohtak/haryana_rohtak_profile.json,data/ceew/district_data/haryana/rohtak/haryana_rohtak_profile.json,data/ceew/district_data/haryana/rohtak/haryana_rohtak_metadata_config.json,data/ceew/district_data/haryana/rohtak/haryana_rohtak_metadata_config.json,False
714,Haryana,Kurukshetra,haryana,kurukshetra,HARYANA,KURUKSHETRA,haryana,kurukshetra,data/ceew/district_data/haryana/kurukshetra/haryana_kurukshetra_profile.json,data/ceew/district_data/haryana/kurukshetra/haryana_kurukshetra_profile.json,data/ceew/district_data/haryana/kurukshetra/haryana_kurukshetra_metadata_config.json,data/ceew/district_data/haryana/kurukshetra/haryana_kurukshetra_metadata_config.json,False
715,Odisha,Cuttack,odisha,cuttack,ODISHA,CUTTACK,odisha,cuttack,data/ceew/district_data/odisha/cuttack/odisha_cuttack_profile.json,data/ceew/district_data/odisha/cuttack/odisha_cuttack_profile.json,data/ceew/district_data/odisha/cuttack/odisha_cuttack_metadata_config.json,data/ceew/district_data/odisha/cuttack/odisha_cuttack_metadata_config.json,False
716,Odisha,Kendraparha,odisha,kendraparha,ODISHA,KENDRAPARHA,odisha,kendraparha,data/ceew/district_data/odisha/kendraparha/odisha_kendraparha_profile.json,data/ceew/district_data/odisha/kendraparha/odisha_kendraparha_profile.json,data/ceew/district_data/odisha/kendraparha/odisha_kendraparha_metadata_config.json,data/ceew/district_data/odisha/kendraparha/odisha_kendraparha_metadata_config.json,False
717,Odisha,Keonjhar (Kendujhar),odisha,keonjhar_kendujhar,ODISHA,KEONJHAR (KENDUJHAR),odisha,keonjhar_kendujhar,data/ceew/district_data/odisha/keonjhar_kendujhar/odisha_keonjhar_kendujhar_profile.json,data/ceew/district_data/odisha/keonjhar_kendujhar/odisha_keonjhar_kendujhar_profile.json,data/ceew/district_data/odisha/keonjhar_kendujhar/odisha_keonjhar_kendujhar_metadata_config.json,data/ceew/district_data/odisha/keonjhar_kendujhar/odisha_keonjhar_kendujhar_metadata_config.json,False
718,Odisha,Anugul,odisha,anugul,ODISHA,ANUGUL,odisha,anugul,data/ceew/district_data/odisha/anugul/odisha_anugul_profile.json,data/ceew/district_data/odisha/anugul/odisha_anugul_profile.json,data/ceew/district_data/odisha/anugul/odisha_anugul_metadata_config.json,data/ceew/district_data/odisha/anugul/odisha_anugul_metadata_config.json,False
719,Odisha,Puri,odisha,puri,ODISHA,PURI,odisha,puri,data/ceew/district_data/odisha/puri/odisha_puri_profile.json,data/ceew/district_data/odisha/puri/odisha_puri_profile.json,data/ceew/district_data/odisha/puri/odisha_puri_metadata_config.json,data/ceew/district_data/odisha/puri/odisha_puri_metadata_config.json,False
720,Odisha,Baragarh,odisha,baragarh,ODISHA,BARAGARH,odisha,baragarh,data/ceew/district_data/odisha/baragarh/odisha_baragarh_profile.json,data/ceew/district_data/odisha/baragarh/odisha_baragarh_profile.json,data/ceew/district_data/odisha/baragarh/odisha_baragarh_metadata_config.json,data/ceew/district_data/odisha/baragarh/odisha_baragarh_metadata_config.json,False
721,Odisha,Balasore (Baleshwar),odisha,balasore_baleshwar,ODISHA,BALASORE (BALESHWAR),odisha,balasore_baleshwar,data/ceew/district_data/odisha/balasore_baleshwar/odisha_balasore_baleshwar_profile.json,data/ceew/district_data/odisha/balasore_baleshwar/odisha_balasore_baleshwar_profile.json,data/ceew/district_data/odisha/balasore_baleshwar/odisha_balasore_baleshwar_metadata_config.json,data/ceew/district_data/odisha/balasore_baleshwar/odisha_balasore_baleshwar_metadata_config.json,False
722,Odisha,Jajapur,odisha,jajapur,ODISHA,JAJAPUR,odisha,jajapur,data/ceew/district_data/odisha/jajapur/odisha_jajapur_profile.json,data/ceew/district_data/odisha/jajapur/odisha_jajapur_profile.json,data/ceew/district_data/odisha/jajapur/odisha_jajapur_metadata_config.json,data/ceew/district_data/odisha/jajapur/odisha_jajapur_metadata_config.json,False
723,Odisha,Mayurbhanj,odisha,mayurbhanj,ODISHA,MAYURBHANJ,odisha,mayurbhanj,data/ceew/district_data/odisha/mayurbhanj/odisha_mayurbhanj_profile.json,data/ceew/district_data/odisha/mayurbhanj/odisha_mayurbhanj_profile.json,data/ceew/district_data/odisha/mayurbhanj/odisha_mayurbhanj_metadata_config.json,data/ceew/district_data/odisha/mayurbhanj/odisha_mayurbhanj_metadata_config.json,False
724,Odisha,Bolangir (Balangir),odisha,bolangir_balangir,ODISHA,BOLANGIR (BALANGIR),odisha,bolangir_balangir,data/ceew/district_data/odisha/bolangir_balangir/odisha_bolangir_balangir_profile.json,data/ceew/district_data/odisha/bolangir_balangir/odisha_bolangir_balangir_profile.json,data/ceew/district_data/odisha/bolangir_balangir/odisha_bolangir_balangir_metadata_config.json,data/ceew/district_data/odisha/bolangir_balangir/odisha_bolangir_balangir_metadata_config.json,False
725,Odisha,Khordha,odisha,khordha,ODISHA,KHORDHA,odisha,khordha,data/ceew/district_data/odisha/khordha/odisha_khordha_profile.json,data/ceew/district_data/odisha/khordha/odisha_khordha_profile.json,data/ceew/district_data/odisha/khordha/odisha_khordha_metadata_config.json,data/ceew/district_data/odisha/khordha/odisha_khordha_metadata_config.json,False
726,Odisha,Kandhamal,odisha,kandhamal,ODISHA,KANDHAMAL,odisha,kandhamal,data/ceew/district_data/odisha/kandhamal/odisha_kandhamal_profile.json,data/ceew/district_data/odisha/kandhamal/odisha_kandhamal_profile.json,data/ceew/district_data/odisha/kandhamal/odisha_kandhamal_metadata_config.json,data/ceew/district_data/odisha/kandhamal/odisha_kandhamal_metadata_config.json,False
727,Odisha,Jagatsinghpur,odisha,jagatsinghpur,ODISHA,JAGATSINGHPUR,odisha,jagatsinghpur,data/ceew/district_data/odisha/jagatsinghpur/odisha_jagatsinghpur_profile.json,data/ceew/district_data/odisha/jagatsinghpur/odisha_jagatsinghpur_profile.json,data/ceew/district_data/odisha/jagatsinghpur/odisha_jagatsinghpur_metadata_config.json,data/ceew/district_data/odisha/jagatsinghpur/odisha_jagatsinghpur_metadata_config.json,False
728,Odisha,Sundargarh,odisha,sundargarh,ODISHA,SUNDARGARH,odisha,sundargarh,data/ceew/district_data/odisha/sundargarh/odisha_sundargarh_profile.json,data/ceew/district_data/odisha/sundargarh/odisha_sundargarh_profile.json,data/ceew/district_data/odisha/sundargarh/odisha_sundargarh_metadata_config.json,data/ceew/district_data/odisha/sundargarh/odisha_sundargarh_metadata_config.json,False
729,Odisha,Bhadrak,odisha,bhadrak,ODISHA,BHADRAK,odisha,bhadrak,data/ceew/district_data/odisha/bhadrak/odisha_bhadrak_profile.json,data/ceew/district_data/odisha/bhadrak/odisha_bhadrak_profile.json,data/ceew/district_data/odisha/bhadrak/odisha_bhadrak_metadata_config.json,data/ceew/district_data/odisha/bhadrak/odisha_bhadrak_metadata_config.json,False
730,Odisha,Koraput,odisha,koraput,ODISHA,KORAPUT,odisha,koraput,data/ceew/district_data/odisha/koraput/odisha_koraput_profile.json,data/ceew/district_data/odisha/koraput/odisha_koraput_profile.json,data/ceew/district_data/odisha/koraput/odisha_koraput_metadata_config.json,data/ceew/district_data/odisha/koraput/odisha_koraput_metadata_config.json,False
731,Odisha,Deogarh,odisha,deogarh,ODISHA,DEOGARH,odisha,deogarh,data/ceew/district_data/odisha/deogarh/odisha_deogarh_profile.json,data/ceew/district_data/odisha/deogarh/odisha_deogarh_profile.json,data/ceew/district_data/odisha/deogarh/odisha_deogarh_metadata_config.json,data/ceew/district_data/odisha/deogarh/odisha_deogarh_metadata_config.json,False
732,Odisha,Baudh (Bauda),odisha,baudh_bauda,ODISHA,BAUDH (BAUDA),odisha,baudh_bauda,data/ceew/district_data/odisha/baudh_bauda/odisha_baudh_bauda_profile.json,data/ceew/district_data/odisha/baudh_bauda/odisha_baudh_bauda_profile.json,data/ceew/district_data/odisha/baudh_bauda/odisha_baudh_bauda_metadata_config.json,data/ceew/district_data/odisha/baudh_bauda/odisha_baudh_bauda_metadata_config.json,False
733,Odisha,Ganjam,odisha,ganjam,ODISHA,GANJAM,odisha,ganjam,data/ceew/district_data/odisha/ganjam/odisha_ganjam_profile.json,data/ceew/district_data/odisha/ganjam/odisha_ganjam_profile.json,data/ceew/district_data/odisha/ganjam/odisha_ganjam_metadata_config.json,data/ceew/district_data/odisha/ganjam/odisha_ganjam_metadata_config.json,False
734,Odisha,Nayagarh,odisha,nayagarh,ODISHA,NAYAGARH,odisha,nayagarh,data/ceew/district_data/odisha/nayagarh/odisha_nayagarh_profile.json,data/ceew/district_data/odisha/nayagarh/odisha_nayagarh_profile.json,data/ceew/district_data/odisha/nayagarh/odisha_nayagarh_metadata_config.json,data/ceew/district_data/odisha/nayagarh/odisha_nayagarh_metadata_config.json,False
735,Odisha,Kalahandi,odisha,kalahandi,ODISHA,KALAHANDI,odisha,kalahandi,data/ceew/district_data/odisha/kalahandi/odisha_kalahandi_profile.json,data/ceew/district_data/odisha/kalahandi/odisha_kalahandi_profile.json,data/ceew/district_data/odisha/kalahandi/odisha_kalahandi_metadata_config.json,data/ceew/district_data/odisha/kalahandi/odisha_kalahandi_metadata_config.json,False
736,Odisha,Rayagarha,odisha,rayagarha,ODISHA,RAYAGARHA,odisha,rayagarha,data/ceew/district_data/odisha/rayagarha/odisha_rayagarha_profile.json,data/ceew/district_data/odisha/rayagarha/odisha_rayagarha_profile.json,data/ceew/district_data/odisha/rayagarha/odisha_rayagarha_metadata_config.json,data/ceew/district_data/odisha/rayagarha/odisha_rayagarha_metadata_config.json,False
737,Odisha,Nuaparha,odisha,nuaparha,ODISHA,NUAPARHA,odisha,nuaparha,data/ceew/district_data/odisha/nuaparha/odisha_nuaparha_profile.json,data/ceew/district_data/odisha/nuaparha/odisha_nuaparha_profile.json,data/ceew/district_data/odisha/nuaparha/odisha_nuaparha_metadata_config.json,data/ceew/district_data/odisha/nuaparha/odisha_nuaparha_metadata_config.json,False
738,Odisha,Subarnapur,odisha,subarnapur,ODISHA,SUBARNAPUR,odisha,subarnapur,data/ceew/district_data/odisha/subarnapur/odisha_subarnapur_profile.json,data/ceew/district_data/odisha/subarnapur/odisha_subarnapur_profile.json,data/ceew/district_data/odisha/subarnapur/odisha_subarnapur_metadata_config.json,data/ceew/district_data/odisha/subarnapur/odisha_subarnapur_metadata_config.json,False
739,Odisha,Dhenkanal,odisha,dhenkanal,ODISHA,DHENKANAL,odisha,dhenkanal,data/ceew/district_data/odisha/dhenkanal/odisha_dhenkanal_profile.json,data/ceew/district_data/odisha/dhenkanal/odisha_dhenkanal_profile.json,data/ceew/district_data/odisha/dhenkanal/odisha_dhenkanal_metadata_config.json,data/ceew/district_data/odisha/dhenkanal/odisha_dhenkanal_metadata_config.json,False
740,Odisha,Jharsuguda,odisha,jharsuguda,ODISHA,JHARSUGUDA,odisha,jharsuguda,data/ceew/district_data/odisha/jharsuguda/odisha_jharsuguda_profile.json,data/ceew/district_data/odisha/jharsuguda/odisha_jharsuguda_profile.json,data/ceew/district_data/odisha/jharsuguda/odisha_jharsuguda_metadata_config.json,data/ceew/district_data/odisha/jharsuguda/odisha_jharsuguda_metadata_config.json,False
741,Odisha,Nabarangapur,odisha,nabarangapur,ODISHA,NABARANGAPUR,odisha,nabarangapur,data/ceew/district_data/odisha/nabarangapur/odisha_nabarangapur_profile.json,data/ceew/district_data/odisha/nabarangapur/odisha_nabarangapur_profile.json,data/ceew/district_data/odisha/nabarangapur/odisha_nabarangapur_metadata_config.json,data/ceew/district_data/odisha/nabarangapur/odisha_nabarangapur_metadata_config.json,False
742,Odisha,Sambalpur,odisha,sambalpur,ODISHA,SAMBALPUR,odisha,sambalpur,data/ceew/district_data/odisha/sambalpur/odisha_sambalpur_profile.json,data/ceew/district_data/odisha/sambalpur/odisha_sambalpur_profile.json,data/ceew/district_data/odisha/sambalpur/odisha_sambalpur_metadata_config.json,data/ceew/district_data/odisha/sambalpur/odisha_sambalpur_metadata_config.json,False
743,Odisha,Malkangiri,odisha,malkangiri,ODISHA,MALKANGIRI,odisha,malkangiri,data/ceew/district_data/odisha/malkangiri/odisha_malkangiri_profile.json,data/ceew/district_data/odisha/malkangiri/odisha_malkangiri_profile.json,data/ceew/district_data/odisha/malkangiri/odisha_malkangiri_metadata_config.json,data/ceew/district_data/odisha/malkangiri/odisha_malkangiri_metadata_config.json,False
744,Odisha,Gajapati,odisha,gajapati,ODISHA,GAJAPATI,odisha,gajapati,data/ceew/district_data/odisha/gajapati/odisha_gajapati_profile.json,data/ceew/district_data/odisha/gajapati/odisha_gajapati_profile.json,data/ceew/district_data/odisha/gajapati/odisha_gajapati_metadata_config.json,data/ceew/district_data/odisha/gajapati/odisha_gajapati_metadata_config.json,False
745,Tamil Nadu,Tiruvallur,tamil_nadu,tiruvallur,TAMIL NADU,TIRUVALLUR,tamil_nadu,tiruvallur,data/ceew/district_data/tamil_nadu/tiruvallur/tamil_nadu_tiruvallur_profile.json,data/ceew/district_data/tamil_nadu/tiruvallur/tamil_nadu_tiruvallur_profile.json,data/ceew/district_data/tamil_nadu/tiruvallur/tamil_nadu_tiruvallur_metadata_config.json,data/ceew/district_data/tamil_nadu/tiruvallur/tamil_nadu_tiruvallur_metadata_config.json,False
746,Tamil Nadu,Kanyakumari,tamil_nadu,kanyakumari,TAMIL NADU,KANYAKUMARI,tamil_nadu,kanyakumari,data/ceew/district_data/tamil_nadu/kanyakumari/tamil_nadu_kanyakumari_profile.json,data/ceew/district_data/tamil_nadu/kanyakumari/tamil_nadu_kanyakumari_profile.json,data/ceew/district_data/tamil_nadu/kanyakumari/tamil_nadu_kanyakumari_metadata_config.json,data/ceew/district_data/tamil_nadu/kanyakumari/tamil_nadu_kanyakumari_metadata_config.json,False
747,Tamil Nadu,Kanchipuram,tamil_nadu,kanchipuram,TAMIL NADU,KANCHIPURAM,tamil_nadu,kanchipuram,data/ceew/district_data/tamil_nadu/kanchipuram/tamil_nadu_kanchipuram_profile.json,data/ceew/district_data/tamil_nadu/kanchipuram/tamil_nadu_kanchipuram_profile.json,data/ceew/district_data/tamil_nadu/kanchipuram/tamil_nadu_kanchipuram_metadata_config.json,data/ceew/district_data/tamil_nadu/kanchipuram/tamil_nadu_kanchipuram_metadata_config.json,False
748,Tamil Nadu,Tenkasi,tamil_nadu,tenkasi,TAMIL NADU,TENKASI,tamil_nadu,tenkasi,data/ceew/district_data/tamil_nadu/tenkasi/tamil_nadu_tenkasi_profile.json,data/ceew/district_data/tamil_nadu/tenkasi/tamil_nadu_tenkasi_profile.json,data/ceew/district_data/tamil_nadu/tenkasi/tamil_nadu_tenkasi_metadata_config.json,data/ceew/district_data/tamil_nadu/tenkasi/tamil_nadu_tenkasi_metadata_config.json,False
749,Tamil Nadu,Pudukkottai,tamil_nadu,pudukkottai,TAMIL NADU,PUDUKKOTTAI,tamil_nadu,pudukkottai,data/ceew/district_data/tamil_nadu/pudukkottai/tamil_nadu_pudukkottai_profile.json,data/ceew/district_data/tamil_nadu/pudukkottai/tamil_nadu_pudukkottai_profile.json,data/ceew/district_data/tamil_nadu/pudukkottai/tamil_nadu_pudukkottai_metadata_config.json,data/ceew/district_data/tamil_nadu/pudukkottai/tamil_nadu_pudukkottai_metadata_config.json,False
750,Tamil Nadu,Perambalur,tamil_nadu,perambalur,TAMIL NADU,PERAMBALUR,tamil_nadu,perambalur,data/ceew/district_data/tamil_nadu/perambalur/tamil_nadu_perambalur_profile.json,data/ceew/district_data/tamil_nadu/perambalur/tamil_nadu_perambalur_profile.json,data/ceew/district_data/tamil_nadu/perambalur/tamil_nadu_perambalur_metadata_config.json,data/ceew/district_data/tamil_nadu/perambalur/tamil_nadu_perambalur_metadata_config.json,False
751,Tamil Nadu,Tirunelveli,tamil_nadu,tirunelveli,TAMIL NADU,TIRUNELVELI,tamil_nadu,tirunelveli,data/ceew/district_data/tamil_nadu/tirunelveli/tamil_nadu_tirunelveli_profile.json,data/ceew/district_data/tamil_nadu/tirunelveli/tamil_nadu_tirunelveli_profile.json,data/ceew/district_data/tamil_nadu/tirunelveli/tamil_nadu_tirunelveli_metadata_config.json,data/ceew/district_data/tamil_nadu/tirunelveli/tamil_nadu_tirunelveli_metadata_config.json,False
752,Tamil Nadu,Chennai,tamil_nadu,chennai,TAMIL NADU,CHENNAI,tamil_nadu,chennai,data/ceew/district_data/tamil_nadu/chennai/tamil_nadu_chennai_profile.json,data/ceew/district_data/tamil_nadu/chennai/tamil_nadu_chennai_profile.json,data/ceew/district_data/tamil_nadu/chennai/tamil_nadu_chennai_metadata_config.json,data/ceew/district_data/tamil_nadu/chennai/tamil_nadu_chennai_metadata_config.json,False
753,Tamil Nadu,Tiruppattur,tamil_nadu,tiruppattur,TAMIL NADU,TIRUPPATTUR,tamil_nadu,tiruppattur,data/ceew/district_data/tamil_nadu/tiruppattur/tamil_nadu_tiruppattur_profile.json,data/ceew/district_data/tamil_nadu/tiruppattur/tamil_nadu_tiruppattur_profile.json,data/ceew/district_data/tamil_nadu/tiruppattur/tamil_nadu_tiruppattur_metadata_config.json,data/ceew/district_data/tamil_nadu/tiruppattur/tamil_nadu_tiruppattur_metadata_config.json,False
754,Tamil Nadu,Vellore,tamil_nadu,vellore,TAMIL NADU,VELLORE,tamil_nadu,vellore,data/ceew/district_data/tamil_nadu/vellore/tamil_nadu_vellore_profile.json,data/ceew/district_data/tamil_nadu/vellore/tamil_nadu_vellore_profile.json,data/ceew/district_data/tamil_nadu/vellore/tamil_nadu_vellore_metadata_config.json,data/ceew/district_data/tamil_nadu/vellore/tamil_nadu_vellore_metadata_config.json,False
755,Tamil Nadu,Coimbatore,tamil_nadu,coimbatore,TAMIL NADU,COIMBATORE,tamil_nadu,coimbatore,data/ceew/district_data/tamil_nadu/coimbatore/tamil_nadu_coimbatore_profile.json,data/ceew/district_data/tamil_nadu/coimbatore/tamil_nadu_coimbatore_profile.json,data/ceew/district_data/tamil_nadu/coimbatore/tamil_nadu_coimbatore_metadata_config.json,data/ceew/district_data/tamil_nadu/coimbatore/tamil_nadu_coimbatore_metadata_config.json,False
756,Tamil Nadu,Ariyalur,tamil_nadu,ariyalur,TAMIL NADU,ARIYALUR,tamil_nadu,ariyalur,data/ceew/district_data/tamil_nadu/ariyalur/tamil_nadu_ariyalur_profile.json,data/ceew/district_data/tamil_nadu/ariyalur/tamil_nadu_ariyalur_profile.json,data/ceew/district_data/tamil_nadu/ariyalur/tamil_nadu_ariyalur_metadata_config.json,data/ceew/district_data/tamil_nadu/ariyalur/tamil_nadu_ariyalur_metadata_config.json,False
757,Tamil Nadu,Teni,tamil_nadu,teni,TAMIL NADU,TENI,tamil_nadu,teni,data/ceew/district_data/tamil_nadu/teni/tamil_nadu_teni_profile.json,data/ceew/district_data/tamil_nadu/teni/tamil_nadu_teni_profile.json,data/ceew/district_data/tamil_nadu/teni/tamil_nadu_teni_metadata_config.json,data/ceew/district_data/tamil_nadu/teni/tamil_nadu_teni_metadata_config.json,False
758,Tamil Nadu,Erode,tamil_nadu,erode,TAMIL NADU,ERODE,tamil_nadu,erode,data/ceew/district_data/tamil_nadu/erode/tamil_nadu_erode_profile.json,data/ceew/district_data/tamil_nadu/erode/tamil_nadu_erode_profile.json,data/ceew/district_data/tamil_nadu/erode/tamil_nadu_erode_metadata_config.json,data/ceew/district_data/tamil_nadu/erode/tamil_nadu_erode_metadata_config.json,False
759,Tamil Nadu,Ranippettai,tamil_nadu,ranippettai,TAMIL NADU,RANIPPETTAI,tamil_nadu,ranippettai,data/ceew/district_data/tamil_nadu/ranippettai/tamil_nadu_ranippettai_profile.json,data/ceew/district_data/tamil_nadu/ranippettai/tamil_nadu_ranippettai_profile.json,data/ceew/district_data/tamil_nadu/ranippettai/tamil_nadu_ranippettai_metadata_config.json,data/ceew/district_data/tamil_nadu/ranippettai/tamil_nadu_ranippettai_metadata_config.json,False
760,Tamil Nadu,Tiruvannamalai,tamil_nadu,tiruvannamalai,TAMIL NADU,TIRUVANNAMALAI,tamil_nadu,tiruvannamalai,data/ceew/district_data/tamil_nadu/tiruvannamalai/tamil_nadu_tiruvannamalai_profile.json,data/ceew/district_data/tamil_nadu/tiruvannamalai/tamil_nadu_tiruvannamalai_profile.json,data/ceew/district_data/tamil_nadu/tiruvannamalai/tamil_nadu_tiruvannamalai_metadata_config.json,data/ceew/district_data/tamil_nadu/tiruvannamalai/tamil_nadu_tiruvannamalai_metadata_config.json,False
761,Tamil Nadu,Karur,tamil_nadu,karur,TAMIL NADU,KARUR,tamil_nadu,karur,data/ceew/district_data/tamil_nadu/karur/tamil_nadu_karur_profile.json,data/ceew/district_data/tamil_nadu/karur/tamil_nadu_karur_profile.json,data/ceew/district_data/tamil_nadu/karur/tamil_nadu_karur_metadata_config.json,data/ceew/district_data/tamil_nadu/karur/tamil_nadu_karur_metadata_config.json,False
762,Tamil Nadu,Virudhunagar,tamil_nadu,virudhunagar,TAMIL NADU,VIRUDHUNAGAR,tamil_nadu,virudhunagar,data/ceew/district_data/tamil_nadu/virudhunagar/tamil_nadu_virudhunagar_profile.json,data/ceew/district_data/tamil_nadu/virudhunagar/tamil_nadu_virudhunagar_profile.json,data/ceew/district_data/tamil_nadu/virudhunagar/tamil_nadu_virudhunagar_metadata_config.json,data/ceew/district_data/tamil_nadu/virudhunagar/tamil_nadu_virudhunagar_metadata_config.json,False
763,Tamil Nadu,Dindigul,tamil_nadu,dindigul,TAMIL NADU,DINDIGUL,tamil_nadu,dindigul,data/ceew/district_data/tamil_nadu/dindigul/tamil_nadu_dindigul_profile.json,data/ceew/district_data/tamil_nadu/dindigul/tamil_nadu_dindigul_profile.json,data/ceew/district_data/tamil_nadu/dindigul/tamil_nadu_dindigul_metadata_config.json,data/ceew/district_data/tamil_nadu/dindigul/tamil_nadu_dindigul_metadata_config.json,False
764,Tamil Nadu,Salem,tamil_nadu,salem,TAMIL NADU,SALEM,tamil_nadu,salem,data/ceew/district_data/tamil_nadu/salem/tamil_nadu_salem_profile.json,data/ceew/district_data/tamil_nadu/salem/tamil_nadu_salem_profile.json,data/ceew/district_data/tamil_nadu/salem/tamil_nadu_salem_metadata_config.json,data/ceew/district_data/tamil_nadu/salem/tamil_nadu_salem_metadata_config.json,False
765,Tamil Nadu,Tiruppur,tamil_nadu,tiruppur,TAMIL NADU,TIRUPPUR,tamil_nadu,tiruppur,data/ceew/district_data/tamil_nadu/tiruppur/tamil_nadu_tiruppur_profile.json,data/ceew/district_data/tamil_nadu/tiruppur/tamil_nadu_tiruppur_profile.json,data/ceew/district_data/tamil_nadu/tiruppur/tamil_nadu_tiruppur_metadata_config.json,data/ceew/district_data/tamil_nadu/tiruppur/tamil_nadu_tiruppur_metadata_config.json,False
766,Tamil Nadu,Cuddalore,tamil_nadu,cuddalore,TAMIL NADU,CUDDALORE,tamil_nadu,cuddalore,data/ceew/district_data/tamil_nadu/cuddalore/tamil_nadu_cuddalore_profile.json,data/ceew/district_data/tamil_nadu/cuddalore/tamil_nadu_cuddalore_profile.json,data/ceew/district_data/tamil_nadu/cuddalore/tamil_nadu_cuddalore_metadata_config.json,data/ceew/district_data/tamil_nadu/cuddalore/tamil_nadu_cuddalore_metadata_config.json,False
767,Tamil Nadu,Thanjavur,tamil_nadu,thanjavur,TAMIL NADU,THANJAVUR,tamil_nadu,thanjavur,data/ceew/district_data/tamil_nadu/thanjavur/tamil_nadu_thanjavur_profile.json,data/ceew/district_data/tamil_nadu/thanjavur/tamil_nadu_thanjavur_profile.json,data/ceew/district_data/tamil_nadu/thanjavur/tamil_nadu_thanjavur_metadata_config.json,data/ceew/district_data/tamil_nadu/thanjavur/tamil_nadu_thanjavur_metadata_config.json,False
768,Tamil Nadu,Chengalpattu,tamil_nadu,chengalpattu,TAMIL NADU,CHENGALPATTU,tamil_nadu,chengalpattu,data/ceew/district_data/tamil_nadu/chengalpattu/tamil_nadu_chengalpattu_profile.json,data/ceew/district_data/tamil_nadu/chengalpattu/tamil_nadu_chengalpattu_profile.json,data/ceew/district_data/tamil_nadu/chengalpattu/tamil_nadu_chengalpattu_metadata_config.json,data/ceew/district_data/tamil_nadu/chengalpattu/tamil_nadu_chengalpattu_metadata_config.json,False
769,Tamil Nadu,Kallakkurichi,tamil_nadu,kallakkurichi,TAMIL NADU,KALLAKKURICHI,tamil_nadu,kallakkurichi,data/ceew/district_data/tamil_nadu/kallakkurichi/tamil_nadu_kallakkurichi_profile.json,data/ceew/district_data/tamil_nadu/kallakkurichi/tamil_nadu_kallakkurichi_profile.json,data/ceew/district_data/tamil_nadu/kallakkurichi/tamil_nadu_kallakkurichi_metadata_config.json,data/ceew/district_data/tamil_nadu/kallakkurichi/tamil_nadu_kallakkurichi_metadata_config.json,False
770,Tamil Nadu,Nilgiris,tamil_nadu,nilgiris,TAMIL NADU,NILGIRIS,tamil_nadu,nilgiris,data/ceew/district_data/tamil_nadu/nilgiris/tamil_nadu_nilgiris_profile.json,data/ceew/district_data/tamil_nadu/nilgiris/tamil_nadu_nilgiris_profile.json,data/ceew/district_data/tamil_nadu/nilgiris/tamil_nadu_nilgiris_metadata_config.json,data/ceew/district_data/tamil_nadu/nilgiris/tamil_nadu_nilgiris_metadata_config.json,False
771,Tamil Nadu,Krishnagiri,tamil_nadu,krishnagiri,TAMIL NADU,KRISHNAGIRI,tamil_nadu,krishnagiri,data/ceew/district_data/tamil_nadu/krishnagiri/tamil_nadu_krishnagiri_profile.json,data/ceew/district_data/tamil_nadu/krishnagiri/tamil_nadu_krishnagiri_profile.json,data/ceew/district_data/tamil_nadu/krishnagiri/tamil_nadu_krishnagiri_metadata_config.json,data/ceew/district_data/tamil_nadu/krishnagiri/tamil_nadu_krishnagiri_metadata_config.json,False
772,Tamil Nadu,Sivaganga,tamil_nadu,sivaganga,TAMIL NADU,SIVAGANGA,tamil_nadu,sivaganga,data/ceew/district_data/tamil_nadu/sivaganga/tamil_nadu_sivaganga_profile.json,data/ceew/district_data/tamil_nadu/sivaganga/tamil_nadu_sivaganga_profile.json,data/ceew/district_data/tamil_nadu/sivaganga/tamil_nadu_sivaganga_metadata_config.json,data/ceew/district_data/tamil_nadu/sivaganga/tamil_nadu_sivaganga_metadata_config.json,False
773,Tamil Nadu,Dharmapuri,tamil_nadu,dharmapuri,TAMIL NADU,DHARMAPURI,tamil_nadu,dharmapuri,data/ceew/district_data/tamil_nadu/dharmapuri/tamil_nadu_dharmapuri_profile.json,data/ceew/district_data/tamil_nadu/dharmapuri/tamil_nadu_dharmapuri_profile.json,data/ceew/district_data/tamil_nadu/dharmapuri/tamil_nadu_dharmapuri_metadata_config.json,data/ceew/district_data/tamil_nadu/dharmapuri/tamil_nadu_dharmapuri_metadata_config.json,False
774,Tamil Nadu,Tuticorin,tamil_nadu,tuticorin,TAMIL NADU,TUTICORIN,tamil_nadu,tuticorin,data/ceew/district_data/tamil_nadu/tuticorin/tamil_nadu_tuticorin_profile.json,data/ceew/district_data/tamil_nadu/tuticorin/tamil_nadu_tuticorin_profile.json,data/ceew/district_data/tamil_nadu/tuticorin/tamil_nadu_tuticorin_metadata_config.json,data/ceew/district_data/tamil_nadu/tuticorin/tamil_nadu_tuticorin_metadata_config.json,False
775,Tamil Nadu,Villupuram,tamil_nadu,villupuram,TAMIL NADU,VILLUPURAM,tamil_nadu,villupuram,data/ceew/district_data/tamil_nadu/villupuram/tamil_nadu_villupuram_profile.json,data/ceew/district_data/tamil_nadu/villupuram/tamil_nadu_villupuram_profile.json,data/ceew/district_data/tamil_nadu/villupuram/tamil_nadu_villupuram_metadata_config.json,data/ceew/district_data/tamil_nadu/villupuram/tamil_nadu_villupuram_metadata_config.json,False
776,Tamil Nadu,Ramanathapuram,tamil_nadu,ramanathapuram,TAMIL NADU,RAMANATHAPURAM,tamil_nadu,ramanathapuram,data/ceew/district_data/tamil_nadu/ramanathapuram/tamil_nadu_ramanathapuram_profile.json,data/ceew/district_data/tamil_nadu/ramanathapuram/tamil_nadu_ramanathapuram_profile.json,data/ceew/district_data/tamil_nadu/ramanathapuram/tamil_nadu_ramanathapuram_metadata_config.json,data/ceew/district_data/tamil_nadu/ramanathapuram/tamil_nadu_ramanathapuram_metadata_config.json,False
777,Tamil Nadu,Madurai,tamil_nadu,madurai,TAMIL NADU,MADURAI,tamil_nadu,madurai,data/ceew/district_data/tamil_nadu/madurai/tamil_nadu_madurai_profile.json,data/ceew/district_data/tamil_nadu/madurai/tamil_nadu_madurai_profile.json,data/ceew/district_data/tamil_nadu/madurai/tamil_nadu_madurai_metadata_config.json,data/ceew/district_data/tamil_nadu/madurai/tamil_nadu_madurai_metadata_config.json,False
778,Tamil Nadu,Nagapattinam,tamil_nadu,nagapattinam,TAMIL NADU,NAGAPATTINAM,tamil_nadu,nagapattinam,data/ceew/district_data/tamil_nadu/nagapattinam/tamil_nadu_nagapattinam_profile.json,data/ceew/district_data/tamil_nadu/nagapattinam/tamil_nadu_nagapattinam_profile.json,data/ceew/district_data/tamil_nadu/nagapattinam/tamil_nadu_nagapattinam_metadata_config.json,data/ceew/district_data/tamil_nadu/nagapattinam/tamil_nadu_nagapattinam_metadata_config.json,False
779,Tamil Nadu,Namakkal,tamil_nadu,namakkal,TAMIL NADU,NAMAKKAL,tamil_nadu,namakkal,data/ceew/district_data/tamil_nadu/namakkal/tamil_nadu_namakkal_profile.json,data/ceew/district_data/tamil_nadu/namakkal/tamil_nadu_namakkal_profile.json,data/ceew/district_data/tamil_nadu/namakkal/tamil_nadu_namakkal_metadata_config.json,data/ceew/district_data/tamil_nadu/namakkal/tamil_nadu_namakkal_metadata_config.json,False
781,Tamil Nadu,Thiruvarur,tamil_nadu,thiruvarur,TAMIL NADU,THIRUVARUR,tamil_nadu,thiruvarur,data/ceew/district_data/tamil_nadu/thiruvarur/tamil_nadu_thiruvarur_profile.json,data/ceew/district_data/tamil_nadu/thiruvarur/tamil_nadu_thiruvarur_profile.json,data/ceew/district_data/tamil_nadu/thiruvarur/tamil_nadu_thiruvarur_metadata_config.json,data/ceew/district_data/tamil_nadu/thiruvarur/tamil_nadu_thiruvarur_metadata_config.json,False
782,Tamil Nadu,Tiruchirapalli,tamil_nadu,tiruchirapalli,TAMIL NADU,TIRUCHIRAPALLI,tamil_nadu,tiruchirapalli,data/ceew/district_data/tamil_nadu/tiruchirapalli/tamil_nadu_tiruchirapalli_profile.json,data/ceew/district_data/tamil_nadu/tiruchirapalli/tamil_nadu_tiruchirapalli_profile.json,data/ceew/district_data/tamil_nadu/tiruchirapalli/tamil_nadu_tiruchirapalli_metadata_config.json,data/ceew/district_data/tamil_nadu/tiruchirapalli/tamil_nadu_tiruchirapalli_metadata_config.json,False
783,Jammu and Kashmir,Mirpur,jammu_and_kashmir,mirpur,JAMMU AND KASHMIR,MIRPUR,jammu_and_kashmir,mirpur,data/ceew/district_data/jammu_and_kashmir/mirpur/jammu_and_kashmir_mirpur_profile.json,data/ceew/district_data/jammu_and_kashmir/mirpur/jammu_and_kashmir_mirpur_profile.json,data/ceew/district_data/jammu_and_kashmir/mirpur/jammu_and_kashmir_mirpur_metadata_config.json,data/ceew/district_data/jammu_and_kashmir/mirpur/jammu_and_kashmir_mirpur_metadata_config.json,False
784,Jammu and Kashmir,Muzaffarabad,jammu_and_kashmir,muzaffarabad,JAMMU AND KASHMIR,MUZAFFARABAD,jammu_and_kashmir,muzaffarabad,data/ceew/district_data/jammu_and_kashmir/muzaffarabad/jammu_and_kashmir_muzaffarabad_profile.json,data/ceew/district_data/jammu_and_kashmir/muzaffarabad/jammu_and_kashmir_muzaffarabad_profile.json,data/ceew/district_data/jammu_and_kashmir/muzaffarabad/jammu_and_kashmir_muzaffarabad_metadata_config.json,data/ceew/district_data/jammu_and_kashmir/muzaffarabad/jammu_and_kashmir_muzaffarabad_metadata_config.json,False
785,Jammu and Kashmir,Punch,jammu_and_kashmir,punch,JAMMU AND KASHMIR,PUNCH,jammu_and_kashmir,punch,data/ceew/district_data/jammu_and_kashmir/punch/jammu_and_kashmir_punch_profile.json,data/ceew/district_data/jammu_and_kashmir/punch/jammu_and_kashmir_punch_profile.json,data/ceew/district_data/jammu_and_kashmir/punch/jammu_and_kashmir_punch_metadata_config.json,data/ceew/district_data/jammu_and_kashmir/punch/jammu_and_kashmir_punch_metadata_config.json,False
786,Jammu and Kashmir,Anantnag,jammu_and_kashmir,anantnag,JAMMU AND KASHMIR,ANANTNAG,jammu_and_kashmir,anantnag,data/ceew/district_data/jammu_and_kashmir/anantnag/jammu_and_kashmir_anantnag_profile.json,data/ceew/district_data/jammu_and_kashmir/anantnag/jammu_and_kashmir_anantnag_profile.json,data/ceew/district_data/jammu_and_kashmir/anantnag/jammu_and_kashmir_anantnag_metadata_config.json,data/ceew/district_data/jammu_and_kashmir/anantnag/jammu_and_kashmir_anantnag_metadata_config.json,False
787,Jammu and Kashmir,Baramula,jammu_and_kashmir,baramula,JAMMU AND KASHMIR,BARAMULA,jammu_and_kashmir,baramula,data/ceew/district_data/jammu_and_kashmir/baramula/jammu_and_kashmir_baramula_profile.json,data/ceew/district_data/jammu_and_kashmir/baramula/jammu_and_kashmir_baramula_profile.json,data/ceew/district_data/jammu_and_kashmir/baramula/jammu_and_kashmir_baramula_metadata_config.json,data/ceew/district_data/jammu_and_kashmir/baramula/jammu_and_kashmir_baramula_metadata_config.json,False
788,Jammu and Kashmir,Kathua,jammu_and_kashmir,kathua,JAMMU AND KASHMIR,KATHUA,jammu_and_kashmir,kathua,data/ceew/district_data/jammu_and_kashmir/kathua/jammu_and_kashmir_kathua_profile.json,data/ceew/district_data/jammu_and_kashmir/kathua/jammu_and_kashmir_kathua_profile.json,data/ceew/district_data/jammu_and_kashmir/kathua/jammu_and_kashmir_kathua_metadata_config.json,data/ceew/district_data/jammu_and_kashmir/kathua/jammu_and_kashmir_kathua_metadata_config.json,False
789,Jammu and Kashmir,Udhampur,jammu_and_kashmir,udhampur,JAMMU AND KASHMIR,UDHAMPUR,jammu_and_kashmir,udhampur,data/ceew/district_data/jammu_and_kashmir/udhampur/jammu_and_kashmir_udhampur_profile.json,data/ceew/district_data/jammu_and_kashmir/udhampur/jammu_and_kashmir_udhampur_profile.json,data/ceew/district_data/jammu_and_kashmir/udhampur/jammu_and_kashmir_udhampur_metadata_config.json,data/ceew/district_data/jammu_and_kashmir/udhampur/jammu_and_kashmir_udhampur_metadata_config.json,False
790,Jammu and Kashmir,Badgam,jammu_and_kashmir,badgam,JAMMU AND KASHMIR,BADGAM,jammu_and_kashmir,badgam,data/ceew/district_data/jammu_and_kashmir/badgam/jammu_and_kashmir_badgam_profile.json,data/ceew/district_data/jammu_and_kashmir/badgam/jammu_and_kashmir_badgam_profile.json,data/ceew/district_data/jammu_and_kashmir/badgam/jammu_and_kashmir_badgam_metadata_config.json,data/ceew/district_data/jammu_and_kashmir/badgam/jammu_and_kashmir_badgam_metadata_config.json,False
791,Jammu and Kashmir,Bandipura,jammu_and_kashmir,bandipura,JAMMU AND KASHMIR,BANDIPURA,jammu_and_kashmir,bandipura,data/ceew/district_data/jammu_and_kashmir/bandipura/jammu_and_kashmir_bandipura_profile.json,data/ceew/district_data/jammu_and_kashmir/bandipura/jammu_and_kashmir_bandipura_profile.json,data/ceew/district_data/jammu_and_kashmir/bandipura/jammu_and_kashmir_bandipura_metadata_config.json,data/ceew/district_data/jammu_and_kashmir/bandipura/jammu_and_kashmir_bandipura_metadata_config.json,False
792,Jammu and Kashmir,Ganderbal,jammu_and_kashmir,ganderbal,JAMMU AND KASHMIR,GANDERBAL,jammu_and_kashmir,ganderbal,data/ceew/district_data/jammu_and_kashmir/ganderbal/jammu_and_kashmir_ganderbal_profile.json,data/ceew/district_data/jammu_and_kashmir/ganderbal/jammu_and_kashmir_ganderbal_profile.json,data/ceew/district_data/jammu_and_kashmir/ganderbal/jammu_and_kashmir_ganderbal_metadata_config.json,data/ceew/district_data/jammu_and_kashmir/ganderbal/jammu_and_kashmir_ganderbal_metadata_config.json,False
793,Jammu and Kashmir,Kulgam,jammu_and_kashmir,kulgam,JAMMU AND KASHMIR,KULGAM,jammu_and_kashmir,kulgam,data/ceew/district_data/jammu_and_kashmir/kulgam/jammu_and_kashmir_kulgam_profile.json,data/ceew/district_data/jammu_and_kashmir/kulgam/jammu_and_kashmir_kulgam_profile.json,data/ceew/district_data/jammu_and_kashmir/kulgam/jammu_and_kashmir_kulgam_metadata_config.json,data/ceew/district_data/jammu_and_kashmir/kulgam/jammu_and_kashmir_kulgam_metadata_config.json,False
794,Jammu and Kashmir,Kupwara,jammu_and_kashmir,kupwara,JAMMU AND KASHMIR,KUPWARA,jammu_and_kashmir,kupwara,data/ceew/district_data/jammu_and_kashmir/kupwara/jammu_and_kashmir_kupwara_profile.json,data/ceew/district_data/jammu_and_kashmir/kupwara/jammu_and_kashmir_kupwara_profile.json,data/ceew/district_data/jammu_and_kashmir/kupwara/jammu_and_kashmir_kupwara_metadata_config.json,data/ceew/district_data/jammu_and_kashmir/kupwara/jammu_and_kashmir_kupwara_metadata_config.json,False
795,Jammu and Kashmir,Pulwama,jammu_and_kashmir,pulwama,JAMMU AND KASHMIR,PULWAMA,jammu_and_kashmir,pulwama,data/ceew/district_data/jammu_and_kashmir/pulwama/jammu_and_kashmir_pulwama_profile.json,data/ceew/district_data/jammu_and_kashmir/pulwama/jammu_and_kashmir_pulwama_profile.json,data/ceew/district_data/jammu_and_kashmir/pulwama/jammu_and_kashmir_pulwama_metadata_config.json,data/ceew/district_data/jammu_and_kashmir/pulwama/jammu_and_kashmir_pulwama_metadata_config.json,False
796,Jammu and Kashmir,Rajauri,jammu_and_kashmir,rajauri,JAMMU AND KASHMIR,RAJAURI,jammu_and_kashmir,rajauri,data/ceew/district_data/jammu_and_kashmir/rajauri/jammu_and_kashmir_rajauri_profile.json,data/ceew/district_data/jammu_and_kashmir/rajauri/jammu_and_kashmir_rajauri_profile.json,data/ceew/district_data/jammu_and_kashmir/rajauri/jammu_and_kashmir_rajauri_metadata_config.json,data/ceew/district_data/jammu_and_kashmir/rajauri/jammu_and_kashmir_rajauri_metadata_config.json,False
797,Jammu and Kashmir,Ramban,jammu_and_kashmir,ramban,JAMMU AND KASHMIR,RAMBAN,jammu_and_kashmir,ramban,data/ceew/district_data/jammu_and_kashmir/ramban/jammu_and_kashmir_ramban_profile.json,data/ceew/district_data/jammu_and_kashmir/ramban/jammu_and_kashmir_ramban_profile.json,data/ceew/district_data/jammu_and_kashmir/ramban/jammu_and_kashmir_ramban_metadata_config.json,data/ceew/district_data/jammu_and_kashmir/ramban/jammu_and_kashmir_ramban_metadata_config.json,False
798,Jammu and Kashmir,Riasi,jammu_and_kashmir,riasi,JAMMU AND KASHMIR,RIASI,jammu_and_kashmir,riasi,data/ceew/district_data/jammu_and_kashmir/riasi/jammu_and_kashmir_riasi_profile.json,data/ceew/district_data/jammu_and_kashmir/riasi/jammu_and_kashmir_riasi_profile.json,data/ceew/district_data/jammu_and_kashmir/riasi/jammu_and_kashmir_riasi_metadata_config.json,data/ceew/district_data/jammu_and_kashmir/riasi/jammu_and_kashmir_riasi_metadata_config.json,False
799,Jammu and Kashmir,Shupiyan,jammu_and_kashmir,shupiyan,JAMMU AND KASHMIR,SHUPIYAN,jammu_and_kashmir,shupiyan,data/ceew/district_data/jammu_and_kashmir/shupiyan/jammu_and_kashmir_shupiyan_profile.json,data/ceew/district_data/jammu_and_kashmir/shupiyan/jammu_and_kashmir_shupiyan_profile.json,data/ceew/district_data/jammu_and_kashmir/shupiyan/jammu_and_kashmir_shupiyan_metadata_config.json,data/ceew/district_data/jammu_and_kashmir/shupiyan/jammu_and_kashmir_shupiyan_metadata_config.json,False
800,Jammu and Kashmir,Srinagar,jammu_and_kashmir,srinagar,JAMMU AND KASHMIR,SRINAGAR,jammu_and_kashmir,srinagar,data/ceew/district_data/jammu_and_kashmir/srinagar/jammu_and_kashmir_srinagar_profile.json,data/ceew/district_data/jammu_and_kashmir/srinagar/jammu_and_kashmir_srinagar_profile.json,data/ceew/district_data/jammu_and_kashmir/srinagar/jammu_and_kashmir_srinagar_metadata_config.json,data/ceew/district_data/jammu_and_kashmir/srinagar/jammu_and_kashmir_srinagar_metadata_config.json,False
801,Ladakh,Leh,ladakh,leh,LADAKH,LEH,ladakh,leh,data/ceew/district_data/ladakh/leh/ladakh_leh_profile.json,data/ceew/district_data/ladakh/leh/ladakh_leh_profile.json,data/ceew/district_data/ladakh/leh/ladakh_leh_metadata_config.json,data/ceew/district_data/ladakh/leh/ladakh_leh_metadata_config.json,False
802,Ladakh,Kargil,ladakh,kargil,LADAKH,KARGIL,ladakh,kargil,data/ceew/district_data/ladakh/kargil/ladakh_kargil_profile.json,data/ceew/district_data/ladakh/kargil/ladakh_kargil_profile.json,data/ceew/district_data/ladakh/kargil/ladakh_kargil_metadata_config.json,data/ceew/district_data/ladakh/kargil/ladakh_kargil_metadata_config.json,False
803,Jammu and Kashmir,Kishtwar,jammu_and_kashmir,kishtwar,JAMMU AND KASHMIR,KISHTWAR,jammu_and_kashmir,kishtwar,data/ceew/district_data/jammu_and_kashmir/kishtwar/jammu_and_kashmir_kishtwar_profile.json,data/ceew/district_data/jammu_and_kashmir/kishtwar/jammu_and_kashmir_kishtwar_profile.json,data/ceew/district_data/jammu_and_kashmir/kishtwar/jammu_and_kashmir_kishtwar_metadata_config.json,data/ceew/district_data/jammu_and_kashmir/kishtwar/jammu_and_kashmir_kishtwar_metadata_config.json,False
804,Jammu and Kashmir,Doda,jammu_and_kashmir,doda,JAMMU AND KASHMIR,DODA,jammu_and_kashmir,doda,data/ceew/district_data/jammu_and_kashmir/doda/jammu_and_kashmir_doda_profile.json,data/ceew/district_data/jammu_and_kashmir/doda/jammu_and_kashmir_doda_profile.json,data/ceew/district_data/jammu_and_kashmir/doda/jammu_and_kashmir_doda_metadata_config.json,data/ceew/district_data/jammu_and_kashmir/doda/jammu_and_kashmir_doda_metadata_config.json,False
805,Jammu and Kashmir,Samba,jammu_and_kashmir,samba,JAMMU AND KASHMIR,SAMBA,jammu_and_kashmir,samba,data/ceew/district_data/jammu_and_kashmir/samba/jammu_and_kashmir_samba_profile.json,data/ceew/district_data/jammu_and_kashmir/samba/jammu_and_kashmir_samba_profile.json,data/ceew/district_data/jammu_and_kashmir/samba/jammu_and_kashmir_samba_metadata_config.json,data/ceew/district_data/jammu_and_kashmir/samba/jammu_and_kashmir_samba_metadata_config.json,False
806,Jammu and Kashmir,Jammu,jammu_and_kashmir,jammu,JAMMU AND KASHMIR,JAMMU,jammu_and_kashmir,jammu,data/ceew/district_data/jammu_and_kashmir/jammu/jammu_and_kashmir_jammu_profile.json,data/ceew/district_data/jammu_and_kashmir/jammu/jammu_and_kashmir_jammu_profile.json,data/ceew/district_data/jammu_and_kashmir/jammu/jammu_and_kashmir_jammu_metadata_config.json,data/ceew/district_data/jammu_and_kashmir/jammu/jammu_and_kashmir_jammu_metadata_config.json,False
807,Assam,Karimganj,assam,karimganj,ASSAM,KARIMGANJ,assam,karimganj,data/ceew/district_data/assam/karimganj/assam_karimganj_profile.json,data/ceew/district_data/assam/karimganj/assam_karimganj_profile.json,data/ceew/district_data/assam/karimganj/assam_karimganj_metadata_config.json,data/ceew/district_data/assam/karimganj/assam_karimganj_metadata_config.json,False
808,Assam,Dima Hasao,assam,dima_hasao,ASSAM,DIMA HASAO,assam,dima_hasao,data/ceew/district_data/assam/dima_hasao/assam_dima_hasao_profile.json,data/ceew/district_data/assam/dima_hasao/assam_dima_hasao_profile.json,data/ceew/district_data/assam/dima_hasao/assam_dima_hasao_metadata_config.json,data/ceew/district_data/assam/dima_hasao/assam_dima_hasao_metadata_config.json,False
809,Assam,Hailakandi,assam,hailakandi,ASSAM,HAILAKANDI,assam,hailakandi,data/ceew/district_data/assam/hailakandi/assam_hailakandi_profile.json,data/ceew/district_data/assam/hailakandi/assam_hailakandi_profile.json,data/ceew/district_data/assam/hailakandi/assam_hailakandi_metadata_config.json,data/ceew/district_data/assam/hailakandi/assam_hailakandi_metadata_config.json,False
810,Assam,Dhubri,assam,dhubri,ASSAM,DHUBRI,assam,dhubri,data/ceew/district_data/assam/dhubri/assam_dhubri_profile.json,data/ceew/district_data/assam/dhubri/assam_dhubri_profile.json,data/ceew/district_data/assam/dhubri/assam_dhubri_metadata_config.json,data/ceew/district_data/assam/dhubri/assam_dhubri_metadata_config.json,False
811,Assam,Sibsagar,assam,sibsagar,ASSAM,SIBSAGAR,assam,sibsagar,data/ceew/district_data/assam/sibsagar/assam_sibsagar_profile.json,data/ceew/district_data/assam/sibsagar/assam_sibsagar_profile.json,data/ceew/district_data/assam/sibsagar/assam_sibsagar_metadata_config.json,data/ceew/district_data/assam/sibsagar/assam_sibsagar_metadata_config.json,False
812,Assam,Kamrup Rural,assam,kamrup_rural,ASSAM,KAMRUP RURAL,assam,kamrup_rural,data/ceew/district_data/assam/kamrup_rural/assam_kamrup_rural_profile.json,data/ceew/district_data/assam/kamrup_rural/assam_kamrup_rural_profile.json,data/ceew/district_data/assam/kamrup_rural/assam_kamrup_rural_metadata_config.json,data/ceew/district_data/assam/kamrup_rural/assam_kamrup_rural_metadata_config.json,False
813,Assam,Kamrup Metro,assam,kamrup_metro,ASSAM,KAMRUP METRO,assam,kamrup_metro,data/ceew/district_data/assam/kamrup_metro/assam_kamrup_metro_profile.json,data/ceew/district_data/assam/kamrup_metro/assam_kamrup_metro_profile.json,data/ceew/district_data/assam/kamrup_metro/assam_kamrup_metro_metadata_config.json,data/ceew/district_data/assam/kamrup_metro/assam_kamrup_metro_metadata_config.json,False
814,Assam,Nalbari,assam,nalbari,ASSAM,NALBARI,assam,nalbari,data/ceew/district_data/assam/nalbari/assam_nalbari_profile.json,data/ceew/district_data/assam/nalbari/assam_nalbari_profile.json,data/ceew/district_data/assam/nalbari/assam_nalbari_metadata_config.json,data/ceew/district_data/assam/nalbari/assam_nalbari_metadata_config.json,False
815,Assam,Baksa,assam,baksa,ASSAM,BAKSA,assam,baksa,data/ceew/district_data/assam/baksa/assam_baksa_profile.json,data/ceew/district_data/assam/baksa/assam_baksa_profile.json,data/ceew/district_data/assam/baksa/assam_baksa_metadata_config.json,data/ceew/district_data/assam/baksa/assam_baksa_metadata_config.json,False
816,Assam,Barpeta,assam,barpeta,ASSAM,BARPETA,assam,barpeta,data/ceew/district_data/assam/barpeta/assam_barpeta_profile.json,data/ceew/district_data/assam/barpeta/assam_barpeta_profile.json,data/ceew/district_data/assam/barpeta/assam_barpeta_metadata_config.json,data/ceew/district_data/assam/barpeta/assam_barpeta_metadata_config.json,False
817,Assam,West Karbi Anglong,assam,west_karbi_anglong,ASSAM,WEST KARBI ANAGLONG,assam,west_karbi_anaglong,data/ceew/district_data/assam/west_karbi_anglong/assam_west_karbi_anglong_profile.json,data/ceew/district_data/assam/west_karbi_anaglong/assam_west_karbi_anaglong_profile.json,data/ceew/district_data/assam/west_karbi_anglong/assam_west_karbi_anglong_metadata_config.json,data/ceew/district_data/assam/west_karbi_anaglong/assam_west_karbi_anaglong_metadata_config.json,True
818,Assam,Goalpara,assam,goalpara,ASSAM,GOALPARA,assam,goalpara,data/ceew/district_data/assam/goalpara/assam_goalpara_profile.json,data/ceew/district_data/assam/goalpara/assam_goalpara_profile.json,data/ceew/district_data/assam/goalpara/assam_goalpara_metadata_config.json,data/ceew/district_data/assam/goalpara/assam_goalpara_metadata_config.json,False
819,Assam,Kokrajhar,assam,kokrajhar,ASSAM,KOKRAJHAR,assam,kokrajhar,data/ceew/district_data/assam/kokrajhar/assam_kokrajhar_profile.json,data/ceew/district_data/assam/kokrajhar/assam_kokrajhar_profile.json,data/ceew/district_data/assam/kokrajhar/assam_kokrajhar_metadata_config.json,data/ceew/district_data/assam/kokrajhar/assam_kokrajhar_metadata_config.json,False
820,Assam,Marigaon,assam,marigaon,ASSAM,MARIGAON,assam,marigaon,data/ceew/district_data/assam/marigaon/assam_marigaon_profile.json,data/ceew/district_data/assam/marigaon/assam_marigaon_profile.json,data/ceew/district_data/assam/marigaon/assam_marigaon_metadata_config.json,data/ceew/district_data/assam/marigaon/assam_marigaon_metadata_config.json,False
821,Assam,Lakhimpur,assam,lakhimpur,ASSAM,LAKHIMPUR,assam,lakhimpur,data/ceew/district_data/assam/lakhimpur/assam_lakhimpur_profile.json,data/ceew/district_data/assam/lakhimpur/assam_lakhimpur_profile.json,data/ceew/district_data/assam/lakhimpur/assam_lakhimpur_metadata_config.json,data/ceew/district_data/assam/lakhimpur/assam_lakhimpur_metadata_config.json,False
822,Assam,Bongaigaon,assam,bongaigaon,ASSAM,BONGAIGAON,assam,bongaigaon,data/ceew/district_data/assam/bongaigaon/assam_bongaigaon_profile.json,data/ceew/district_data/assam/bongaigaon/assam_bongaigaon_profile.json,data/ceew/district_data/assam/bongaigaon/assam_bongaigaon_metadata_config.json,data/ceew/district_data/assam/bongaigaon/assam_bongaigaon_metadata_config.json,False
823,Assam,Biswanath,assam,biswanath,ASSAM,BISWANATH,assam,biswanath,data/ceew/district_data/assam/biswanath/assam_biswanath_profile.json,data/ceew/district_data/assam/biswanath/assam_biswanath_profile.json,data/ceew/district_data/assam/biswanath/assam_biswanath_metadata_config.json,data/ceew/district_data/assam/biswanath/assam_biswanath_metadata_config.json,False
824,Assam,Karbi Anglong,assam,karbi_anglong,ASSAM,KARBI ANAGLONG,assam,karbi_anaglong,data/ceew/district_data/assam/karbi_anglong/assam_karbi_anglong_profile.json,data/ceew/district_data/assam/karbi_anaglong/assam_karbi_anaglong_profile.json,data/ceew/district_data/assam/karbi_anglong/assam_karbi_anglong_metadata_config.json,data/ceew/district_data/assam/karbi_anaglong/assam_karbi_anaglong_metadata_config.json,True
825,Assam,Golaghat,assam,golaghat,ASSAM,GOLAGHAT,assam,golaghat,data/ceew/district_data/assam/golaghat/assam_golaghat_profile.json,data/ceew/district_data/assam/golaghat/assam_golaghat_profile.json,data/ceew/district_data/assam/golaghat/assam_golaghat_metadata_config.json,data/ceew/district_data/assam/golaghat/assam_golaghat_metadata_config.json,False
826,Assam,Dibrugarh,assam,dibrugarh,ASSAM,DIBRUGARH,assam,dibrugarh,data/ceew/district_data/assam/dibrugarh/assam_dibrugarh_profile.json,data/ceew/district_data/assam/dibrugarh/assam_dibrugarh_profile.json,data/ceew/district_data/assam/dibrugarh/assam_dibrugarh_metadata_config.json,data/ceew/district_data/assam/dibrugarh/assam_dibrugarh_metadata_config.json,False
827,Assam,Sonitpur,assam,sonitpur,ASSAM,SONITPUR,assam,sonitpur,data/ceew/district_data/assam/sonitpur/assam_sonitpur_profile.json,data/ceew/district_data/assam/sonitpur/assam_sonitpur_profile.json,data/ceew/district_data/assam/sonitpur/assam_sonitpur_metadata_config.json,data/ceew/district_data/assam/sonitpur/assam_sonitpur_metadata_config.json,False
828,Assam,Darrang,assam,darrang,ASSAM,DARRANG,assam,darrang,data/ceew/district_data/assam/darrang/assam_darrang_profile.json,data/ceew/district_data/assam/darrang/assam_darrang_profile.json,data/ceew/district_data/assam/darrang/assam_darrang_metadata_config.json,data/ceew/district_data/assam/darrang/assam_darrang_metadata_config.json,False
829,Assam,Udalguri,assam,udalguri,ASSAM,UDALGURI,assam,udalguri,data/ceew/district_data/assam/udalguri/assam_udalguri_profile.json,data/ceew/district_data/assam/udalguri/assam_udalguri_profile.json,data/ceew/district_data/assam/udalguri/assam_udalguri_metadata_config.json,data/ceew/district_data/assam/udalguri/assam_udalguri_metadata_config.json,False
830,Assam,Dhemaji,assam,dhemaji,ASSAM,DHEMAJI,assam,dhemaji,data/ceew/district_data/assam/dhemaji/assam_dhemaji_profile.json,data/ceew/district_data/assam/dhemaji/assam_dhemaji_profile.json,data/ceew/district_data/assam/dhemaji/assam_dhemaji_metadata_config.json,data/ceew/district_data/assam/dhemaji/assam_dhemaji_metadata_config.json,False
831,Assam,Nagaon,assam,nagaon,ASSAM,NAGAON,assam,nagaon,data/ceew/district_data/assam/nagaon/assam_nagaon_profile.json,data/ceew/district_data/assam/nagaon/assam_nagaon_profile.json,data/ceew/district_data/assam/nagaon/assam_nagaon_metadata_config.json,data/ceew/district_data/assam/nagaon/assam_nagaon_metadata_config.json,False
832,Assam,Hojai,assam,hojai,ASSAM,HOJAI,assam,hojai,data/ceew/district_data/assam/hojai/assam_hojai_profile.json,data/ceew/district_data/assam/hojai/assam_hojai_profile.json,data/ceew/district_data/assam/hojai/assam_hojai_metadata_config.json,data/ceew/district_data/assam/hojai/assam_hojai_metadata_config.json,False
833,Assam,Tinsukia,assam,tinsukia,ASSAM,TINSUKIA,assam,tinsukia,data/ceew/district_data/assam/tinsukia/assam_tinsukia_profile.json,data/ceew/district_data/assam/tinsukia/assam_tinsukia_profile.json,data/ceew/district_data/assam/tinsukia/assam_tinsukia_metadata_config.json,data/ceew/district_data/assam/tinsukia/assam_tinsukia_metadata_config.json,False
834,Assam,Jorhat,assam,jorhat,ASSAM,JORHAT,assam,jorhat,data/ceew/district_data/assam/jorhat/assam_jorhat_profile.json,data/ceew/district_data/assam/jorhat/assam_jorhat_profile.json,data/ceew/district_data/assam/jorhat/assam_jorhat_metadata_config.json,data/ceew/district_data/assam/jorhat/assam_jorhat_metadata_config.json,False
835,Assam,Cachar,assam,cachar,ASSAM,CACHAR,assam,cachar,data/ceew/district_data/assam/cachar/assam_cachar_profile.json,data/ceew/district_data/assam/cachar/assam_cachar_profile.json,data/ceew/district_data/assam/cachar/assam_cachar_metadata_config.json,data/ceew/district_data/assam/cachar/assam_cachar_metadata_config.json,False
836,Assam,Charaideo,assam,charaideo,ASSAM,CHARAIDEO,assam,charaideo,data/ceew/district_data/assam/charaideo/assam_charaideo_profile.json,data/ceew/district_data/assam/charaideo/assam_charaideo_profile.json,data/ceew/district_data/assam/charaideo/assam_charaideo_metadata_config.json,data/ceew/district_data/assam/charaideo/assam_charaideo_metadata_config.json,False
837,Assam,Majuli,assam,majuli,ASSAM,MAJULI,assam,majuli,data/ceew/district_data/assam/majuli/assam_majuli_profile.json,data/ceew/district_data/assam/majuli/assam_majuli_profile.json,data/ceew/district_data/assam/majuli/assam_majuli_metadata_config.json,data/ceew/district_data/assam/majuli/assam_majuli_metadata_config.json,False
838,Assam,South Salmara Mancachar,assam,south_salmara_mancachar,ASSAM,SOUTH SALMARA,assam,south_salmara,data/ceew/district_data/assam/south_salmara_mancachar/assam_south_salmara_mancachar_profile.json,data/ceew/district_data/assam/south_salmara/assam_south_salmara_profile.json,data/ceew/district_data/assam/south_salmara_mancachar/assam_south_salmara_mancachar_metadata_config.json,data/ceew/district_data/assam/south_salmara/assam_south_salmara_metadata_config.json,True
839,Assam,Chirang,assam,chirang,ASSAM,CHIRANG,assam,chirang,data/ceew/district_data/assam/chirang/assam_chirang_profile.json,data/ceew/district_data/assam/chirang/assam_chirang_profile.json,data/ceew/district_data/assam/chirang/assam_chirang_metadata_config.json,data/ceew/district_data/assam/chirang/assam_chirang_metadata_config.json,False
840,SIKKIM,EAST SIKKIM,sikkim,east_sikkim,SIKKIM,EAST,sikkim,east,data/ceew/district_data/sikkim/east_sikkim/sikkim_east_sikkim_profile.json,data/ceew/district_data/sikkim/east/sikkim_east_profile.json,data/ceew/district_data/sikkim/east_sikkim/sikkim_east_sikkim_metadata_config.json,data/ceew/district_data/sikkim/east/sikkim_east_metadata_config.json,True
841,Sikkim,North Sikkim,sikkim,north_sikkim,SIKKIM,NORTH,sikkim,north,data/ceew/district_data/sikkim/north_sikkim/sikkim_north_sikkim_profile.json,data/ceew/district_data/sikkim/north/sikkim_north_profile.json,data/ceew/district_data/sikkim/north_sikkim/sikkim_north_sikkim_metadata_config.json,data/ceew/district_data/sikkim/north/sikkim_north_metadata_config.json,True
842,Sikkim,South Sikkim,sikkim,south_sikkim,SIKKIM,SOUTH,sikkim,south,data/ceew/district_data/sikkim/south_sikkim/sikkim_south_sikkim_profile.json,data/ceew/district_data/sikkim/south/sikkim_south_profile.json,data/ceew/district_data/sikkim/south_sikkim/sikkim_south_sikkim_metadata_config.json,data/ceew/district_data/sikkim/south/sikkim_south_metadata_config.json,True
843,Sikkim,West Sikkim,sikkim,west_sikkim,SIKKIM,WEST,sikkim,west,data/ceew/district_data/sikkim/west_sikkim/sikkim_west_sikkim_profile.json,data/ceew/district_data/sikkim/west/sikkim_west_profile.json,data/ceew/district_data/sikkim/west_sikkim/sikkim_west_sikkim_metadata_config.json,data/ceew/district_data/sikkim/west/sikkim_west_metadata_config.json,True
